2026-07-17T09:25:31.871Z error: Error: querySrv ECONNREFUSED _mongodb._tcp.cluster0.mongodb.net
    at QueryReqWrap.onresolve [as oncomplete] (node:internal/dns/promises:294:17) {"code":"ECONNREFUSED","syscall":"querySrv","hostname":"_mongodb._tcp.cluster0.mongodb.net"}
2026-07-17T09:30:42.980Z error: Error: querySrv ECONNREFUSED _mongodb._tcp.cluster0.mongodb.net
    at QueryReqWrap.onresolve [as oncomplete] (node:internal/dns/promises:294:17) {"code":"ECONNREFUSED","syscall":"querySrv","hostname":"_mongodb._tcp.cluster0.mongodb.net"}
2026-07-17T09:30:43.238Z error: Error: querySrv ECONNREFUSED _mongodb._tcp.cluster0.mongodb.net
    at QueryReqWrap.onresolve [as oncomplete] (node:internal/dns/promises:294:17) {"code":"ECONNREFUSED","syscall":"querySrv","hostname":"_mongodb._tcp.cluster0.mongodb.net"}
2026-07-17T09:30:43.259Z error: Error: querySrv ECONNREFUSED _mongodb._tcp.cluster0.mongodb.net
    at QueryReqWrap.onresolve [as oncomplete] (node:internal/dns/promises:294:17) {"code":"ECONNREFUSED","syscall":"querySrv","hostname":"_mongodb._tcp.cluster0.mongodb.net"}
2026-07-17T09:30:43.281Z error: Error: querySrv ECONNREFUSED _mongodb._tcp.cluster0.mongodb.net
    at QueryReqWrap.onresolve [as oncomplete] (node:internal/dns/promises:294:17) {"code":"ECONNREFUSED","syscall":"querySrv","hostname":"_mongodb._tcp.cluster0.mongodb.net"}
2026-07-17T09:30:43.290Z error: Error: querySrv ECONNREFUSED _mongodb._tcp.cluster0.mongodb.net
    at QueryReqWrap.onresolve [as oncomplete] (node:internal/dns/promises:294:17) {"code":"ECONNREFUSED","syscall":"querySrv","hostname":"_mongodb._tcp.cluster0.mongodb.net"}
2026-07-17T09:30:55.203Z error: Error: querySrv ECONNREFUSED _mongodb._tcp.cluster0.mongodb.net
    at QueryReqWrap.onresolve [as oncomplete] (node:internal/dns/promises:294:17) {"code":"ECONNREFUSED","syscall":"querySrv","hostname":"_mongodb._tcp.cluster0.mongodb.net"}
2026-07-17T09:46:10.858Z error: Error: listen EADDRINUSE: address already in use :::5000
    at Server.setupListenHandle [as _listen2] (node:net:1940:16)
    at listenInCluster (node:net:1997:12)
    at Server.listen (node:net:2102:7)
    at Function.listen (E:\mfolks_geotrix\Backend\node_modules\express\lib\application.js:635:24)
    at startServer (E:\mfolks_geotrix\Backend\server.ts:15:18)
    at processTicksAndRejections (node:internal/process/task_queues:103:5) {"code":"EADDRINUSE","errno":-4091,"syscall":"listen","address":"::","port":5000}
2026-07-17T09:46:10.858Z error: Error: listen EADDRINUSE: address already in use :::5000
    at Server.setupListenHandle [as _listen2] (node:net:1940:16)
    at listenInCluster (node:net:1997:12)
    at Server.listen (node:net:2102:7)
    at Function.listen (E:\mfolks_geotrix\Backend\node_modules\express\lib\application.js:635:24)
    at startServer (E:\mfolks_geotrix\Backend\server.ts:15:18)
    at processTicksAndRejections (node:internal/process/task_queues:103:5) {"code":"EADDRINUSE","errno":-4091,"syscall":"listen","address":"::","port":5000}
2026-07-17T09:46:10.857Z error: Error: listen EADDRINUSE: address already in use :::5000
    at Server.setupListenHandle [as _listen2] (node:net:1940:16)
    at listenInCluster (node:net:1997:12)
    at Server.listen (node:net:2102:7)
    at Function.listen (E:\mfolks_geotrix\Backend\node_modules\express\lib\application.js:635:24)
    at startServer (E:\mfolks_geotrix\Backend\server.ts:15:18)
    at processTicksAndRejections (node:internal/process/task_queues:103:5) {"code":"EADDRINUSE","errno":-4091,"syscall":"listen","address":"::","port":5000}
2026-07-17T09:46:10.927Z error: Error: listen EADDRINUSE: address already in use :::5000
    at Server.setupListenHandle [as _listen2] (node:net:1940:16)
    at listenInCluster (node:net:1997:12)
    at Server.listen (node:net:2102:7)
    at Function.listen (E:\mfolks_geotrix\Backend\node_modules\express\lib\application.js:635:24)
    at startServer (E:\mfolks_geotrix\Backend\server.ts:15:18)
    at processTicksAndRejections (node:internal/process/task_queues:103:5) {"code":"EADDRINUSE","errno":-4091,"syscall":"listen","address":"::","port":5000}
2026-07-17T09:46:11.100Z error: Error: listen EADDRINUSE: address already in use :::5000
    at Server.setupListenHandle [as _listen2] (node:net:1940:16)
    at listenInCluster (node:net:1997:12)
    at Server.listen (node:net:2102:7)
    at Function.listen (E:\mfolks_geotrix\Backend\node_modules\express\lib\application.js:635:24)
    at startServer (E:\mfolks_geotrix\Backend\server.ts:15:18)
    at processTicksAndRejections (node:internal/process/task_queues:103:5) {"code":"EADDRINUSE","errno":-4091,"syscall":"listen","address":"::","port":5000}
2026-07-17T09:46:11.905Z error: Error: listen EADDRINUSE: address already in use :::5000
    at Server.setupListenHandle [as _listen2] (node:net:1940:16)
    at listenInCluster (node:net:1997:12)
    at Server.listen (node:net:2102:7)
    at Function.listen (E:\mfolks_geotrix\Backend\node_modules\express\lib\application.js:635:24)
    at startServer (E:\mfolks_geotrix\Backend\server.ts:15:18)
    at processTicksAndRejections (node:internal/process/task_queues:103:5) {"code":"EADDRINUSE","errno":-4091,"syscall":"listen","address":"::","port":5000}
2026-07-17T09:46:28.539Z error: Error: listen EADDRINUSE: address already in use :::5000
    at Server.setupListenHandle [as _listen2] (node:net:1940:16)
    at listenInCluster (node:net:1997:12)
    at Server.listen (node:net:2102:7)
    at Function.listen (E:\mfolks_geotrix\Backend\node_modules\express\lib\application.js:635:24)
    at startServer (E:\mfolks_geotrix\Backend\server.ts:15:18)
    at processTicksAndRejections (node:internal/process/task_queues:103:5) {"code":"EADDRINUSE","errno":-4091,"syscall":"listen","address":"::","port":5000}
2026-07-17T10:35:02.140Z error: Error: listen EADDRINUSE: address already in use :::8000
    at Server.setupListenHandle [as _listen2] (node:net:1940:16)
    at listenInCluster (node:net:1997:12)
    at Server.listen (node:net:2102:7)
    at Function.listen (E:\mfolks_geotrix\Backend\node_modules\express\lib\application.js:635:24)
    at startServer (E:\mfolks_geotrix\Backend\server.ts:15:18)
    at processTicksAndRejections (node:internal/process/task_queues:103:5) {"code":"EADDRINUSE","errno":-4091,"syscall":"listen","address":"::","port":8000}
2026-07-17T10:35:02.141Z error: Error: listen EADDRINUSE: address already in use :::8000
    at Server.setupListenHandle [as _listen2] (node:net:1940:16)
    at listenInCluster (node:net:1997:12)
    at Server.listen (node:net:2102:7)
    at Function.listen (E:\mfolks_geotrix\Backend\node_modules\express\lib\application.js:635:24)
    at startServer (E:\mfolks_geotrix\Backend\server.ts:15:18)
    at processTicksAndRejections (node:internal/process/task_queues:103:5) {"code":"EADDRINUSE","errno":-4091,"syscall":"listen","address":"::","port":8000}
2026-07-17T10:35:02.141Z error: Error: listen EADDRINUSE: address already in use :::8000
    at Server.setupListenHandle [as _listen2] (node:net:1940:16)
    at listenInCluster (node:net:1997:12)
    at Server.listen (node:net:2102:7)
    at Function.listen (E:\mfolks_geotrix\Backend\node_modules\express\lib\application.js:635:24)
    at startServer (E:\mfolks_geotrix\Backend\server.ts:15:18)
    at processTicksAndRejections (node:internal/process/task_queues:103:5) {"code":"EADDRINUSE","errno":-4091,"syscall":"listen","address":"::","port":8000}
2026-07-17T10:35:02.143Z error: Error: listen EADDRINUSE: address already in use :::8000
    at Server.setupListenHandle [as _listen2] (node:net:1940:16)
    at listenInCluster (node:net:1997:12)
    at Server.listen (node:net:2102:7)
    at Function.listen (E:\mfolks_geotrix\Backend\node_modules\express\lib\application.js:635:24)
    at startServer (E:\mfolks_geotrix\Backend\server.ts:15:18)
    at processTicksAndRejections (node:internal/process/task_queues:103:5) {"code":"EADDRINUSE","errno":-4091,"syscall":"listen","address":"::","port":8000}
2026-07-17T10:35:02.142Z error: Error: listen EADDRINUSE: address already in use :::8000
    at Server.setupListenHandle [as _listen2] (node:net:1940:16)
    at listenInCluster (node:net:1997:12)
    at Server.listen (node:net:2102:7)
    at Function.listen (E:\mfolks_geotrix\Backend\node_modules\express\lib\application.js:635:24)
    at startServer (E:\mfolks_geotrix\Backend\server.ts:15:18)
    at processTicksAndRejections (node:internal/process/task_queues:103:5) {"code":"EADDRINUSE","errno":-4091,"syscall":"listen","address":"::","port":8000}
2026-07-17T10:35:25.262Z error: Error: listen EADDRINUSE: address already in use :::8000
    at Server.setupListenHandle [as _listen2] (node:net:1940:16)
    at listenInCluster (node:net:1997:12)
    at Server.listen (node:net:2102:7)
    at Function.listen (E:\mfolks_geotrix\Backend\node_modules\express\lib\application.js:635:24)
    at startServer (E:\mfolks_geotrix\Backend\server.ts:15:18)
    at processTicksAndRejections (node:internal/process/task_queues:103:5) {"code":"EADDRINUSE","errno":-4091,"syscall":"listen","address":"::","port":8000}
2026-07-17T10:35:25.379Z error: Error: listen EADDRINUSE: address already in use :::8000
    at Server.setupListenHandle [as _listen2] (node:net:1940:16)
    at listenInCluster (node:net:1997:12)
    at Server.listen (node:net:2102:7)
    at Function.listen (E:\mfolks_geotrix\Backend\node_modules\express\lib\application.js:635:24)
    at startServer (E:\mfolks_geotrix\Backend\server.ts:15:18)
    at processTicksAndRejections (node:internal/process/task_queues:103:5) {"code":"EADDRINUSE","errno":-4091,"syscall":"listen","address":"::","port":8000}
2026-07-17T10:35:25.597Z error: Error: listen EADDRINUSE: address already in use :::8000
    at Server.setupListenHandle [as _listen2] (node:net:1940:16)
    at listenInCluster (node:net:1997:12)
    at Server.listen (node:net:2102:7)
    at Function.listen (E:\mfolks_geotrix\Backend\node_modules\express\lib\application.js:635:24)
    at startServer (E:\mfolks_geotrix\Backend\server.ts:15:18)
    at processTicksAndRejections (node:internal/process/task_queues:103:5) {"code":"EADDRINUSE","errno":-4091,"syscall":"listen","address":"::","port":8000}
2026-07-17T10:35:25.905Z error: Error: listen EADDRINUSE: address already in use :::8000
    at Server.setupListenHandle [as _listen2] (node:net:1940:16)
    at listenInCluster (node:net:1997:12)
    at Server.listen (node:net:2102:7)
    at Function.listen (E:\mfolks_geotrix\Backend\node_modules\express\lib\application.js:635:24)
    at startServer (E:\mfolks_geotrix\Backend\server.ts:15:18)
    at processTicksAndRejections (node:internal/process/task_queues:103:5) {"code":"EADDRINUSE","errno":-4091,"syscall":"listen","address":"::","port":8000}
2026-07-17T10:35:25.909Z error: Error: listen EADDRINUSE: address already in use :::8000
    at Server.setupListenHandle [as _listen2] (node:net:1940:16)
    at listenInCluster (node:net:1997:12)
    at Server.listen (node:net:2102:7)
    at Function.listen (E:\mfolks_geotrix\Backend\node_modules\express\lib\application.js:635:24)
    at startServer (E:\mfolks_geotrix\Backend\server.ts:15:18)
    at processTicksAndRejections (node:internal/process/task_queues:103:5) {"code":"EADDRINUSE","errno":-4091,"syscall":"listen","address":"::","port":8000}
2026-07-17T10:36:15.970Z error: Error: listen EADDRINUSE: address already in use :::8000
    at Server.setupListenHandle [as _listen2] (node:net:1940:16)
    at listenInCluster (node:net:1997:12)
    at Server.listen (node:net:2102:7)
    at Function.listen (E:\mfolks_geotrix\Backend\node_modules\express\lib\application.js:635:24)
    at startServer (E:\mfolks_geotrix\Backend\server.ts:15:18)
    at processTicksAndRejections (node:internal/process/task_queues:103:5) {"code":"EADDRINUSE","errno":-4091,"syscall":"listen","address":"::","port":8000}
2026-07-17T10:36:15.971Z error: Error: listen EADDRINUSE: address already in use :::8000
    at Server.setupListenHandle [as _listen2] (node:net:1940:16)
    at listenInCluster (node:net:1997:12)
    at Server.listen (node:net:2102:7)
    at Function.listen (E:\mfolks_geotrix\Backend\node_modules\express\lib\application.js:635:24)
    at startServer (E:\mfolks_geotrix\Backend\server.ts:15:18)
    at processTicksAndRejections (node:internal/process/task_queues:103:5) {"code":"EADDRINUSE","errno":-4091,"syscall":"listen","address":"::","port":8000}
2026-07-17T10:36:16.084Z error: Error: listen EADDRINUSE: address already in use :::8000
    at Server.setupListenHandle [as _listen2] (node:net:1940:16)
    at listenInCluster (node:net:1997:12)
    at Server.listen (node:net:2102:7)
    at Function.listen (E:\mfolks_geotrix\Backend\node_modules\express\lib\application.js:635:24)
    at startServer (E:\mfolks_geotrix\Backend\server.ts:15:18)
    at processTicksAndRejections (node:internal/process/task_queues:103:5) {"code":"EADDRINUSE","errno":-4091,"syscall":"listen","address":"::","port":8000}
2026-07-17T10:36:16.326Z error: Error: listen EADDRINUSE: address already in use :::8000
    at Server.setupListenHandle [as _listen2] (node:net:1940:16)
    at listenInCluster (node:net:1997:12)
    at Server.listen (node:net:2102:7)
    at Function.listen (E:\mfolks_geotrix\Backend\node_modules\express\lib\application.js:635:24)
    at startServer (E:\mfolks_geotrix\Backend\server.ts:15:18)
    at processTicksAndRejections (node:internal/process/task_queues:103:5) {"code":"EADDRINUSE","errno":-4091,"syscall":"listen","address":"::","port":8000}
2026-07-17T10:36:16.467Z error: Error: listen EADDRINUSE: address already in use :::8000
    at Server.setupListenHandle [as _listen2] (node:net:1940:16)
    at listenInCluster (node:net:1997:12)
    at Server.listen (node:net:2102:7)
    at Function.listen (E:\mfolks_geotrix\Backend\node_modules\express\lib\application.js:635:24)
    at startServer (E:\mfolks_geotrix\Backend\server.ts:15:18)
    at processTicksAndRejections (node:internal/process/task_queues:103:5) {"code":"EADDRINUSE","errno":-4091,"syscall":"listen","address":"::","port":8000}
2026-07-17T10:38:19.272Z error: Error: listen EADDRINUSE: address already in use :::8000
    at Server.setupListenHandle [as _listen2] (node:net:1940:16)
    at listenInCluster (node:net:1997:12)
    at Server.listen (node:net:2102:7)
    at Function.listen (E:\mfolks_geotrix\Backend\node_modules\express\lib\application.js:635:24)
    at startServer (E:\mfolks_geotrix\Backend\server.ts:15:18)
    at processTicksAndRejections (node:internal/process/task_queues:103:5) {"code":"EADDRINUSE","errno":-4091,"syscall":"listen","address":"::","port":8000}
2026-07-17T10:38:19.510Z error: Error: listen EADDRINUSE: address already in use :::8000
    at Server.setupListenHandle [as _listen2] (node:net:1940:16)
    at listenInCluster (node:net:1997:12)
    at Server.listen (node:net:2102:7)
    at Function.listen (E:\mfolks_geotrix\Backend\node_modules\express\lib\application.js:635:24)
    at startServer (E:\mfolks_geotrix\Backend\server.ts:15:18)
    at processTicksAndRejections (node:internal/process/task_queues:103:5) {"code":"EADDRINUSE","errno":-4091,"syscall":"listen","address":"::","port":8000}
2026-07-17T10:38:19.518Z error: Error: listen EADDRINUSE: address already in use :::8000
    at Server.setupListenHandle [as _listen2] (node:net:1940:16)
    at listenInCluster (node:net:1997:12)
    at Server.listen (node:net:2102:7)
    at Function.listen (E:\mfolks_geotrix\Backend\node_modules\express\lib\application.js:635:24)
    at startServer (E:\mfolks_geotrix\Backend\server.ts:15:18)
    at processTicksAndRejections (node:internal/process/task_queues:103:5) {"code":"EADDRINUSE","errno":-4091,"syscall":"listen","address":"::","port":8000}
2026-07-17T10:38:20.011Z error: Error: listen EADDRINUSE: address already in use :::8000
    at Server.setupListenHandle [as _listen2] (node:net:1940:16)
    at listenInCluster (node:net:1997:12)
    at Server.listen (node:net:2102:7)
    at Function.listen (E:\mfolks_geotrix\Backend\node_modules\express\lib\application.js:635:24)
    at startServer (E:\mfolks_geotrix\Backend\server.ts:15:18)
    at processTicksAndRejections (node:internal/process/task_queues:103:5) {"code":"EADDRINUSE","errno":-4091,"syscall":"listen","address":"::","port":8000}
2026-07-17T10:38:20.156Z error: Error: listen EADDRINUSE: address already in use :::8000
    at Server.setupListenHandle [as _listen2] (node:net:1940:16)
    at listenInCluster (node:net:1997:12)
    at Server.listen (node:net:2102:7)
    at Function.listen (E:\mfolks_geotrix\Backend\node_modules\express\lib\application.js:635:24)
    at startServer (E:\mfolks_geotrix\Backend\server.ts:15:18)
    at processTicksAndRejections (node:internal/process/task_queues:103:5) {"code":"EADDRINUSE","errno":-4091,"syscall":"listen","address":"::","port":8000}
2026-07-17T10:40:46.019Z error: Error: listen EADDRINUSE: address already in use :::8000
    at Server.setupListenHandle [as _listen2] (node:net:1940:16)
    at listenInCluster (node:net:1997:12)
    at Server.listen (node:net:2102:7)
    at Function.listen (E:\mfolks_geotrix\Backend\node_modules\express\lib\application.js:635:24)
    at startServer (E:\mfolks_geotrix\Backend\server.ts:15:18)
    at processTicksAndRejections (node:internal/process/task_queues:103:5) {"code":"EADDRINUSE","errno":-4091,"syscall":"listen","address":"::","port":8000}
2026-07-17T10:40:46.425Z error: Error: listen EADDRINUSE: address already in use :::8000
    at Server.setupListenHandle [as _listen2] (node:net:1940:16)
    at listenInCluster (node:net:1997:12)
    at Server.listen (node:net:2102:7)
    at Function.listen (E:\mfolks_geotrix\Backend\node_modules\express\lib\application.js:635:24)
    at startServer (E:\mfolks_geotrix\Backend\server.ts:15:18)
    at processTicksAndRejections (node:internal/process/task_queues:103:5) {"code":"EADDRINUSE","errno":-4091,"syscall":"listen","address":"::","port":8000}
2026-07-17T10:40:46.520Z error: Error: listen EADDRINUSE: address already in use :::8000
    at Server.setupListenHandle [as _listen2] (node:net:1940:16)
    at listenInCluster (node:net:1997:12)
    at Server.listen (node:net:2102:7)
    at Function.listen (E:\mfolks_geotrix\Backend\node_modules\express\lib\application.js:635:24)
    at startServer (E:\mfolks_geotrix\Backend\server.ts:15:18)
    at processTicksAndRejections (node:internal/process/task_queues:103:5) {"code":"EADDRINUSE","errno":-4091,"syscall":"listen","address":"::","port":8000}
2026-07-17T10:40:46.649Z error: Error: listen EADDRINUSE: address already in use :::8000
    at Server.setupListenHandle [as _listen2] (node:net:1940:16)
    at listenInCluster (node:net:1997:12)
    at Server.listen (node:net:2102:7)
    at Function.listen (E:\mfolks_geotrix\Backend\node_modules\express\lib\application.js:635:24)
    at startServer (E:\mfolks_geotrix\Backend\server.ts:15:18)
    at processTicksAndRejections (node:internal/process/task_queues:103:5) {"code":"EADDRINUSE","errno":-4091,"syscall":"listen","address":"::","port":8000}
2026-07-17T10:40:46.894Z error: Error: listen EADDRINUSE: address already in use :::8000
    at Server.setupListenHandle [as _listen2] (node:net:1940:16)
    at listenInCluster (node:net:1997:12)
    at Server.listen (node:net:2102:7)
    at Function.listen (E:\mfolks_geotrix\Backend\node_modules\express\lib\application.js:635:24)
    at startServer (E:\mfolks_geotrix\Backend\server.ts:15:18)
    at processTicksAndRejections (node:internal/process/task_queues:103:5) {"code":"EADDRINUSE","errno":-4091,"syscall":"listen","address":"::","port":8000}
2026-07-17T10:45:23.564Z error: Error: listen EADDRINUSE: address already in use :::8000
    at Server.setupListenHandle [as _listen2] (node:net:1940:16)
    at listenInCluster (node:net:1997:12)
    at Server.listen (node:net:2102:7)
    at Function.listen (E:\mfolks_geotrix\Backend\node_modules\express\lib\application.js:635:24)
    at startServer (E:\mfolks_geotrix\Backend\server.ts:15:18)
    at processTicksAndRejections (node:internal/process/task_queues:103:5) {"code":"EADDRINUSE","errno":-4091,"syscall":"listen","address":"::","port":8000}
2026-07-17T10:45:23.632Z error: Error: listen EADDRINUSE: address already in use :::8000
    at Server.setupListenHandle [as _listen2] (node:net:1940:16)
    at listenInCluster (node:net:1997:12)
    at Server.listen (node:net:2102:7)
    at Function.listen (E:\mfolks_geotrix\Backend\node_modules\express\lib\application.js:635:24)
    at startServer (E:\mfolks_geotrix\Backend\server.ts:15:18)
    at processTicksAndRejections (node:internal/process/task_queues:103:5) {"code":"EADDRINUSE","errno":-4091,"syscall":"listen","address":"::","port":8000}
2026-07-17T10:45:23.806Z error: Error: listen EADDRINUSE: address already in use :::8000
    at Server.setupListenHandle [as _listen2] (node:net:1940:16)
    at listenInCluster (node:net:1997:12)
    at Server.listen (node:net:2102:7)
    at Function.listen (E:\mfolks_geotrix\Backend\node_modules\express\lib\application.js:635:24)
    at startServer (E:\mfolks_geotrix\Backend\server.ts:15:18)
    at processTicksAndRejections (node:internal/process/task_queues:103:5) {"code":"EADDRINUSE","errno":-4091,"syscall":"listen","address":"::","port":8000}
2026-07-17T10:45:23.846Z error: Error: listen EADDRINUSE: address already in use :::8000
    at Server.setupListenHandle [as _listen2] (node:net:1940:16)
    at listenInCluster (node:net:1997:12)
    at Server.listen (node:net:2102:7)
    at Function.listen (E:\mfolks_geotrix\Backend\node_modules\express\lib\application.js:635:24)
    at startServer (E:\mfolks_geotrix\Backend\server.ts:15:18)
    at processTicksAndRejections (node:internal/process/task_queues:103:5) {"code":"EADDRINUSE","errno":-4091,"syscall":"listen","address":"::","port":8000}
2026-07-17T10:45:23.883Z error: Error: listen EADDRINUSE: address already in use :::8000
    at Server.setupListenHandle [as _listen2] (node:net:1940:16)
    at listenInCluster (node:net:1997:12)
    at Server.listen (node:net:2102:7)
    at Function.listen (E:\mfolks_geotrix\Backend\node_modules\express\lib\application.js:635:24)
    at startServer (E:\mfolks_geotrix\Backend\server.ts:15:18)
    at processTicksAndRejections (node:internal/process/task_queues:103:5) {"code":"EADDRINUSE","errno":-4091,"syscall":"listen","address":"::","port":8000}
2026-07-17T10:46:21.921Z error: Error: listen EADDRINUSE: address already in use :::8000
    at Server.setupListenHandle [as _listen2] (node:net:1940:16)
    at listenInCluster (node:net:1997:12)
    at Server.listen (node:net:2102:7)
    at Function.listen (E:\mfolks_geotrix\Backend\node_modules\express\lib\application.js:635:24)
    at startServer (E:\mfolks_geotrix\Backend\server.ts:15:18)
    at processTicksAndRejections (node:internal/process/task_queues:103:5) {"code":"EADDRINUSE","errno":-4091,"syscall":"listen","address":"::","port":8000}
2026-07-17T10:46:22.097Z error: Error: listen EADDRINUSE: address already in use :::8000
    at Server.setupListenHandle [as _listen2] (node:net:1940:16)
    at listenInCluster (node:net:1997:12)
    at Server.listen (node:net:2102:7)
    at Function.listen (E:\mfolks_geotrix\Backend\node_modules\express\lib\application.js:635:24)
    at startServer (E:\mfolks_geotrix\Backend\server.ts:15:18)
    at processTicksAndRejections (node:internal/process/task_queues:103:5) {"code":"EADDRINUSE","errno":-4091,"syscall":"listen","address":"::","port":8000}
2026-07-17T10:46:22.153Z error: Error: listen EADDRINUSE: address already in use :::8000
    at Server.setupListenHandle [as _listen2] (node:net:1940:16)
    at listenInCluster (node:net:1997:12)
    at Server.listen (node:net:2102:7)
    at Function.listen (E:\mfolks_geotrix\Backend\node_modules\express\lib\application.js:635:24)
    at startServer (E:\mfolks_geotrix\Backend\server.ts:15:18)
    at processTicksAndRejections (node:internal/process/task_queues:103:5) {"code":"EADDRINUSE","errno":-4091,"syscall":"listen","address":"::","port":8000}
2026-07-17T10:46:22.261Z error: Error: listen EADDRINUSE: address already in use :::8000
    at Server.setupListenHandle [as _listen2] (node:net:1940:16)
    at listenInCluster (node:net:1997:12)
    at Server.listen (node:net:2102:7)
    at Function.listen (E:\mfolks_geotrix\Backend\node_modules\express\lib\application.js:635:24)
    at startServer (E:\mfolks_geotrix\Backend\server.ts:15:18)
    at processTicksAndRejections (node:internal/process/task_queues:103:5) {"code":"EADDRINUSE","errno":-4091,"syscall":"listen","address":"::","port":8000}
2026-07-17T10:46:23.008Z error: Error: listen EADDRINUSE: address already in use :::8000
    at Server.setupListenHandle [as _listen2] (node:net:1940:16)
    at listenInCluster (node:net:1997:12)
    at Server.listen (node:net:2102:7)
    at Function.listen (E:\mfolks_geotrix\Backend\node_modules\express\lib\application.js:635:24)
    at startServer (E:\mfolks_geotrix\Backend\server.ts:15:18)
    at processTicksAndRejections (node:internal/process/task_queues:103:5) {"code":"EADDRINUSE","errno":-4091,"syscall":"listen","address":"::","port":8000}
2026-07-17T10:48:48.838Z error: Error: listen EADDRINUSE: address already in use :::8000
    at Server.setupListenHandle [as _listen2] (node:net:1940:16)
    at listenInCluster (node:net:1997:12)
    at Server.listen (node:net:2102:7)
    at Function.listen (E:\mfolks_geotrix\Backend\node_modules\express\lib\application.js:635:24)
    at startServer (E:\mfolks_geotrix\Backend\server.ts:15:18)
    at processTicksAndRejections (node:internal/process/task_queues:103:5) {"code":"EADDRINUSE","errno":-4091,"syscall":"listen","address":"::","port":8000}
2026-07-17T10:48:48.838Z error: Error: listen EADDRINUSE: address already in use :::8000
    at Server.setupListenHandle [as _listen2] (node:net:1940:16)
    at listenInCluster (node:net:1997:12)
    at Server.listen (node:net:2102:7)
    at Function.listen (E:\mfolks_geotrix\Backend\node_modules\express\lib\application.js:635:24)
    at startServer (E:\mfolks_geotrix\Backend\server.ts:15:18)
    at processTicksAndRejections (node:internal/process/task_queues:103:5) {"code":"EADDRINUSE","errno":-4091,"syscall":"listen","address":"::","port":8000}
2026-07-17T10:48:48.838Z error: Error: listen EADDRINUSE: address already in use :::8000
    at Server.setupListenHandle [as _listen2] (node:net:1940:16)
    at listenInCluster (node:net:1997:12)
    at Server.listen (node:net:2102:7)
    at Function.listen (E:\mfolks_geotrix\Backend\node_modules\express\lib\application.js:635:24)
    at startServer (E:\mfolks_geotrix\Backend\server.ts:15:18)
    at processTicksAndRejections (node:internal/process/task_queues:103:5) {"code":"EADDRINUSE","errno":-4091,"syscall":"listen","address":"::","port":8000}
2026-07-17T10:48:48.839Z error: Error: listen EADDRINUSE: address already in use :::8000
    at Server.setupListenHandle [as _listen2] (node:net:1940:16)
    at listenInCluster (node:net:1997:12)
    at Server.listen (node:net:2102:7)
    at Function.listen (E:\mfolks_geotrix\Backend\node_modules\express\lib\application.js:635:24)
    at startServer (E:\mfolks_geotrix\Backend\server.ts:15:18)
    at processTicksAndRejections (node:internal/process/task_queues:103:5) {"code":"EADDRINUSE","errno":-4091,"syscall":"listen","address":"::","port":8000}
2026-07-17T10:48:48.840Z error: Error: listen EADDRINUSE: address already in use :::8000
    at Server.setupListenHandle [as _listen2] (node:net:1940:16)
    at listenInCluster (node:net:1997:12)
    at Server.listen (node:net:2102:7)
    at Function.listen (E:\mfolks_geotrix\Backend\node_modules\express\lib\application.js:635:24)
    at startServer (E:\mfolks_geotrix\Backend\server.ts:15:18)
    at processTicksAndRejections (node:internal/process/task_queues:103:5) {"code":"EADDRINUSE","errno":-4091,"syscall":"listen","address":"::","port":8000}
2026-07-17T10:52:17.313Z error: Error: listen EADDRINUSE: address already in use :::8000
    at Server.setupListenHandle [as _listen2] (node:net:1940:16)
    at listenInCluster (node:net:1997:12)
    at Server.listen (node:net:2102:7)
    at Function.listen (E:\mfolks_geotrix\Backend\node_modules\express\lib\application.js:635:24)
    at startServer (E:\mfolks_geotrix\Backend\server.ts:15:18)
    at processTicksAndRejections (node:internal/process/task_queues:103:5) {"code":"EADDRINUSE","errno":-4091,"syscall":"listen","address":"::","port":8000}
2026-07-17T10:52:17.314Z error: Error: listen EADDRINUSE: address already in use :::8000
    at Server.setupListenHandle [as _listen2] (node:net:1940:16)
    at listenInCluster (node:net:1997:12)
    at Server.listen (node:net:2102:7)
    at Function.listen (E:\mfolks_geotrix\Backend\node_modules\express\lib\application.js:635:24)
    at startServer (E:\mfolks_geotrix\Backend\server.ts:15:18)
    at processTicksAndRejections (node:internal/process/task_queues:103:5) {"code":"EADDRINUSE","errno":-4091,"syscall":"listen","address":"::","port":8000}
2026-07-17T10:52:17.313Z error: Error: listen EADDRINUSE: address already in use :::8000
    at Server.setupListenHandle [as _listen2] (node:net:1940:16)
    at listenInCluster (node:net:1997:12)
    at Server.listen (node:net:2102:7)
    at Function.listen (E:\mfolks_geotrix\Backend\node_modules\express\lib\application.js:635:24)
    at startServer (E:\mfolks_geotrix\Backend\server.ts:15:18)
    at processTicksAndRejections (node:internal/process/task_queues:103:5) {"code":"EADDRINUSE","errno":-4091,"syscall":"listen","address":"::","port":8000}
2026-07-17T10:52:17.312Z error: Error: listen EADDRINUSE: address already in use :::8000
    at Server.setupListenHandle [as _listen2] (node:net:1940:16)
    at listenInCluster (node:net:1997:12)
    at Server.listen (node:net:2102:7)
    at Function.listen (E:\mfolks_geotrix\Backend\node_modules\express\lib\application.js:635:24)
    at startServer (E:\mfolks_geotrix\Backend\server.ts:15:18)
    at processTicksAndRejections (node:internal/process/task_queues:103:5) {"code":"EADDRINUSE","errno":-4091,"syscall":"listen","address":"::","port":8000}
2026-07-17T10:52:17.532Z error: Error: listen EADDRINUSE: address already in use :::8000
    at Server.setupListenHandle [as _listen2] (node:net:1940:16)
    at listenInCluster (node:net:1997:12)
    at Server.listen (node:net:2102:7)
    at Function.listen (E:\mfolks_geotrix\Backend\node_modules\express\lib\application.js:635:24)
    at startServer (E:\mfolks_geotrix\Backend\server.ts:15:18)
    at processTicksAndRejections (node:internal/process/task_queues:103:5) {"code":"EADDRINUSE","errno":-4091,"syscall":"listen","address":"::","port":8000}
2026-07-17T10:54:46.726Z error: Error: listen EADDRINUSE: address already in use :::8000
    at Server.setupListenHandle [as _listen2] (node:net:1940:16)
    at listenInCluster (node:net:1997:12)
    at Server.listen (node:net:2102:7)
    at Function.listen (E:\mfolks_geotrix\Backend\node_modules\express\lib\application.js:635:24)
    at startServer (E:\mfolks_geotrix\Backend\server.ts:15:18)
    at processTicksAndRejections (node:internal/process/task_queues:103:5) {"code":"EADDRINUSE","errno":-4091,"syscall":"listen","address":"::","port":8000}
2026-07-17T10:54:46.873Z error: Error: listen EADDRINUSE: address already in use :::8000
    at Server.setupListenHandle [as _listen2] (node:net:1940:16)
    at listenInCluster (node:net:1997:12)
    at Server.listen (node:net:2102:7)
    at Function.listen (E:\mfolks_geotrix\Backend\node_modules\express\lib\application.js:635:24)
    at startServer (E:\mfolks_geotrix\Backend\server.ts:15:18)
    at processTicksAndRejections (node:internal/process/task_queues:103:5) {"code":"EADDRINUSE","errno":-4091,"syscall":"listen","address":"::","port":8000}
2026-07-17T10:54:47.065Z error: Error: listen EADDRINUSE: address already in use :::8000
    at Server.setupListenHandle [as _listen2] (node:net:1940:16)
    at listenInCluster (node:net:1997:12)
    at Server.listen (node:net:2102:7)
    at Function.listen (E:\mfolks_geotrix\Backend\node_modules\express\lib\application.js:635:24)
    at startServer (E:\mfolks_geotrix\Backend\server.ts:15:18)
    at processTicksAndRejections (node:internal/process/task_queues:103:5) {"code":"EADDRINUSE","errno":-4091,"syscall":"listen","address":"::","port":8000}
2026-07-17T10:54:47.585Z error: Error: listen EADDRINUSE: address already in use :::8000
    at Server.setupListenHandle [as _listen2] (node:net:1940:16)
    at listenInCluster (node:net:1997:12)
    at Server.listen (node:net:2102:7)
    at Function.listen (E:\mfolks_geotrix\Backend\node_modules\express\lib\application.js:635:24)
    at startServer (E:\mfolks_geotrix\Backend\server.ts:15:18)
    at processTicksAndRejections (node:internal/process/task_queues:103:5) {"code":"EADDRINUSE","errno":-4091,"syscall":"listen","address":"::","port":8000}
2026-07-17T10:54:47.731Z error: Error: listen EADDRINUSE: address already in use :::8000
    at Server.setupListenHandle [as _listen2] (node:net:1940:16)
    at listenInCluster (node:net:1997:12)
    at Server.listen (node:net:2102:7)
    at Function.listen (E:\mfolks_geotrix\Backend\node_modules\express\lib\application.js:635:24)
    at startServer (E:\mfolks_geotrix\Backend\server.ts:15:18)
    at processTicksAndRejections (node:internal/process/task_queues:103:5) {"code":"EADDRINUSE","errno":-4091,"syscall":"listen","address":"::","port":8000}
2026-07-17T10:56:33.779Z error: Error: listen EADDRINUSE: address already in use :::8000
    at Server.setupListenHandle [as _listen2] (node:net:1940:16)
    at listenInCluster (node:net:1997:12)
    at Server.listen (node:net:2102:7)
    at Function.listen (E:\mfolks_geotrix\Backend\node_modules\express\lib\application.js:635:24)
    at startServer (E:\mfolks_geotrix\Backend\server.ts:15:18)
    at processTicksAndRejections (node:internal/process/task_queues:103:5) {"code":"EADDRINUSE","errno":-4091,"syscall":"listen","address":"::","port":8000}
2026-07-17T10:56:33.779Z error: Error: listen EADDRINUSE: address already in use :::8000
    at Server.setupListenHandle [as _listen2] (node:net:1940:16)
    at listenInCluster (node:net:1997:12)
    at Server.listen (node:net:2102:7)
    at Function.listen (E:\mfolks_geotrix\Backend\node_modules\express\lib\application.js:635:24)
    at startServer (E:\mfolks_geotrix\Backend\server.ts:15:18)
    at processTicksAndRejections (node:internal/process/task_queues:103:5) {"code":"EADDRINUSE","errno":-4091,"syscall":"listen","address":"::","port":8000}
2026-07-17T10:56:33.779Z error: Error: listen EADDRINUSE: address already in use :::8000
    at Server.setupListenHandle [as _listen2] (node:net:1940:16)
    at listenInCluster (node:net:1997:12)
    at Server.listen (node:net:2102:7)
    at Function.listen (E:\mfolks_geotrix\Backend\node_modules\express\lib\application.js:635:24)
    at startServer (E:\mfolks_geotrix\Backend\server.ts:15:18)
    at processTicksAndRejections (node:internal/process/task_queues:103:5) {"code":"EADDRINUSE","errno":-4091,"syscall":"listen","address":"::","port":8000}
2026-07-17T10:56:33.780Z error: Error: listen EADDRINUSE: address already in use :::8000
    at Server.setupListenHandle [as _listen2] (node:net:1940:16)
    at listenInCluster (node:net:1997:12)
    at Server.listen (node:net:2102:7)
    at Function.listen (E:\mfolks_geotrix\Backend\node_modules\express\lib\application.js:635:24)
    at startServer (E:\mfolks_geotrix\Backend\server.ts:15:18)
    at processTicksAndRejections (node:internal/process/task_queues:103:5) {"code":"EADDRINUSE","errno":-4091,"syscall":"listen","address":"::","port":8000}
2026-07-17T10:56:34.712Z error: Error: listen EADDRINUSE: address already in use :::8000
    at Server.setupListenHandle [as _listen2] (node:net:1940:16)
    at listenInCluster (node:net:1997:12)
    at Server.listen (node:net:2102:7)
    at Function.listen (E:\mfolks_geotrix\Backend\node_modules\express\lib\application.js:635:24)
    at startServer (E:\mfolks_geotrix\Backend\server.ts:15:18)
    at processTicksAndRejections (node:internal/process/task_queues:103:5) {"code":"EADDRINUSE","errno":-4091,"syscall":"listen","address":"::","port":8000}
2026-07-17T10:57:47.479Z error: Error: listen EADDRINUSE: address already in use :::8000
    at Server.setupListenHandle [as _listen2] (node:net:1940:16)
    at listenInCluster (node:net:1997:12)
    at Server.listen (node:net:2102:7)
    at Function.listen (E:\mfolks_geotrix\Backend\node_modules\express\lib\application.js:635:24)
    at startServer (E:\mfolks_geotrix\Backend\server.ts:15:18)
    at processTicksAndRejections (node:internal/process/task_queues:103:5) {"code":"EADDRINUSE","errno":-4091,"syscall":"listen","address":"::","port":8000}
2026-07-17T10:57:47.588Z error: Error: listen EADDRINUSE: address already in use :::8000
    at Server.setupListenHandle [as _listen2] (node:net:1940:16)
    at listenInCluster (node:net:1997:12)
    at Server.listen (node:net:2102:7)
    at Function.listen (E:\mfolks_geotrix\Backend\node_modules\express\lib\application.js:635:24)
    at startServer (E:\mfolks_geotrix\Backend\server.ts:15:18)
    at processTicksAndRejections (node:internal/process/task_queues:103:5) {"code":"EADDRINUSE","errno":-4091,"syscall":"listen","address":"::","port":8000}
2026-07-17T10:57:47.614Z error: Error: listen EADDRINUSE: address already in use :::8000
    at Server.setupListenHandle [as _listen2] (node:net:1940:16)
    at listenInCluster (node:net:1997:12)
    at Server.listen (node:net:2102:7)
    at Function.listen (E:\mfolks_geotrix\Backend\node_modules\express\lib\application.js:635:24)
    at startServer (E:\mfolks_geotrix\Backend\server.ts:15:18)
    at processTicksAndRejections (node:internal/process/task_queues:103:5) {"code":"EADDRINUSE","errno":-4091,"syscall":"listen","address":"::","port":8000}
2026-07-17T10:57:49.458Z error: Error: listen EADDRINUSE: address already in use :::8000
    at Server.setupListenHandle [as _listen2] (node:net:1940:16)
    at listenInCluster (node:net:1997:12)
    at Server.listen (node:net:2102:7)
    at Function.listen (E:\mfolks_geotrix\Backend\node_modules\express\lib\application.js:635:24)
    at startServer (E:\mfolks_geotrix\Backend\server.ts:15:18)
    at processTicksAndRejections (node:internal/process/task_queues:103:5) {"code":"EADDRINUSE","errno":-4091,"syscall":"listen","address":"::","port":8000}
2026-07-17T10:59:01.215Z error: Error: listen EADDRINUSE: address already in use :::8000
    at Server.setupListenHandle [as _listen2] (node:net:1940:16)
    at listenInCluster (node:net:1997:12)
    at Server.listen (node:net:2102:7)
    at Function.listen (E:\mfolks_geotrix\Backend\node_modules\express\lib\application.js:635:24)
    at startServer (E:\mfolks_geotrix\Backend\server.ts:15:18)
    at processTicksAndRejections (node:internal/process/task_queues:103:5) {"code":"EADDRINUSE","errno":-4091,"syscall":"listen","address":"::","port":8000}
2026-07-17T10:59:01.216Z error: Error: listen EADDRINUSE: address already in use :::8000
    at Server.setupListenHandle [as _listen2] (node:net:1940:16)
    at listenInCluster (node:net:1997:12)
    at Server.listen (node:net:2102:7)
    at Function.listen (E:\mfolks_geotrix\Backend\node_modules\express\lib\application.js:635:24)
    at startServer (E:\mfolks_geotrix\Backend\server.ts:15:18)
    at processTicksAndRejections (node:internal/process/task_queues:103:5) {"code":"EADDRINUSE","errno":-4091,"syscall":"listen","address":"::","port":8000}
2026-07-17T10:59:01.286Z error: Error: listen EADDRINUSE: address already in use :::8000
    at Server.setupListenHandle [as _listen2] (node:net:1940:16)
    at listenInCluster (node:net:1997:12)
    at Server.listen (node:net:2102:7)
    at Function.listen (E:\mfolks_geotrix\Backend\node_modules\express\lib\application.js:635:24)
    at startServer (E:\mfolks_geotrix\Backend\server.ts:15:18)
    at processTicksAndRejections (node:internal/process/task_queues:103:5) {"code":"EADDRINUSE","errno":-4091,"syscall":"listen","address":"::","port":8000}
2026-07-17T10:59:01.320Z error: Error: listen EADDRINUSE: address already in use :::8000
    at Server.setupListenHandle [as _listen2] (node:net:1940:16)
    at listenInCluster (node:net:1997:12)
    at Server.listen (node:net:2102:7)
    at Function.listen (E:\mfolks_geotrix\Backend\node_modules\express\lib\application.js:635:24)
    at startServer (E:\mfolks_geotrix\Backend\server.ts:15:18)
    at processTicksAndRejections (node:internal/process/task_queues:103:5) {"code":"EADDRINUSE","errno":-4091,"syscall":"listen","address":"::","port":8000}
2026-07-17T10:59:01.394Z error: Error: listen EADDRINUSE: address already in use :::8000
    at Server.setupListenHandle [as _listen2] (node:net:1940:16)
    at listenInCluster (node:net:1997:12)
    at Server.listen (node:net:2102:7)
    at Function.listen (E:\mfolks_geotrix\Backend\node_modules\express\lib\application.js:635:24)
    at startServer (E:\mfolks_geotrix\Backend\server.ts:15:18)
    at processTicksAndRejections (node:internal/process/task_queues:103:5) {"code":"EADDRINUSE","errno":-4091,"syscall":"listen","address":"::","port":8000}
2026-07-17T11:02:49.792Z error: Error: listen EADDRINUSE: address already in use :::8000
    at Server.setupListenHandle [as _listen2] (node:net:1940:16)
    at listenInCluster (node:net:1997:12)
    at Server.listen (node:net:2102:7)
    at Function.listen (E:\mfolks_geotrix\Backend\node_modules\express\lib\application.js:635:24)
    at startServer (E:\mfolks_geotrix\Backend\server.ts:15:18)
    at processTicksAndRejections (node:internal/process/task_queues:103:5) {"code":"EADDRINUSE","errno":-4091,"syscall":"listen","address":"::","port":8000}
2026-07-17T11:02:49.792Z error: Error: listen EADDRINUSE: address already in use :::8000
    at Server.setupListenHandle [as _listen2] (node:net:1940:16)
    at listenInCluster (node:net:1997:12)
    at Server.listen (node:net:2102:7)
    at Function.listen (E:\mfolks_geotrix\Backend\node_modules\express\lib\application.js:635:24)
    at startServer (E:\mfolks_geotrix\Backend\server.ts:15:18)
    at processTicksAndRejections (node:internal/process/task_queues:103:5) {"code":"EADDRINUSE","errno":-4091,"syscall":"listen","address":"::","port":8000}
2026-07-17T11:02:50.142Z error: Error: listen EADDRINUSE: address already in use :::8000
    at Server.setupListenHandle [as _listen2] (node:net:1940:16)
    at listenInCluster (node:net:1997:12)
    at Server.listen (node:net:2102:7)
    at Function.listen (E:\mfolks_geotrix\Backend\node_modules\express\lib\application.js:635:24)
    at startServer (E:\mfolks_geotrix\Backend\server.ts:15:18)
    at processTicksAndRejections (node:internal/process/task_queues:103:5) {"code":"EADDRINUSE","errno":-4091,"syscall":"listen","address":"::","port":8000}
2026-07-17T11:02:50.237Z error: Error: listen EADDRINUSE: address already in use :::8000
    at Server.setupListenHandle [as _listen2] (node:net:1940:16)
    at listenInCluster (node:net:1997:12)
    at Server.listen (node:net:2102:7)
    at Function.listen (E:\mfolks_geotrix\Backend\node_modules\express\lib\application.js:635:24)
    at startServer (E:\mfolks_geotrix\Backend\server.ts:15:18)
    at processTicksAndRejections (node:internal/process/task_queues:103:5) {"code":"EADDRINUSE","errno":-4091,"syscall":"listen","address":"::","port":8000}
2026-07-17T11:02:50.676Z error: Error: listen EADDRINUSE: address already in use :::8000
    at Server.setupListenHandle [as _listen2] (node:net:1940:16)
    at listenInCluster (node:net:1997:12)
    at Server.listen (node:net:2102:7)
    at Function.listen (E:\mfolks_geotrix\Backend\node_modules\express\lib\application.js:635:24)
    at startServer (E:\mfolks_geotrix\Backend\server.ts:15:18)
    at processTicksAndRejections (node:internal/process/task_queues:103:5) {"code":"EADDRINUSE","errno":-4091,"syscall":"listen","address":"::","port":8000}
2026-07-17T11:02:51.223Z error: Error: listen EADDRINUSE: address already in use :::8000
    at Server.setupListenHandle [as _listen2] (node:net:1940:16)
    at listenInCluster (node:net:1997:12)
    at Server.listen (node:net:2102:7)
    at Function.listen (E:\mfolks_geotrix\Backend\node_modules\express\lib\application.js:635:24)
    at startServer (E:\mfolks_geotrix\Backend\server.ts:15:18)
    at processTicksAndRejections (node:internal/process/task_queues:103:5) {"code":"EADDRINUSE","errno":-4091,"syscall":"listen","address":"::","port":8000}
2026-07-17T11:07:42.757Z error: Error: listen EADDRINUSE: address already in use :::8000
    at Server.setupListenHandle [as _listen2] (node:net:1940:16)
    at listenInCluster (node:net:1997:12)
    at Server.listen (node:net:2102:7)
    at Function.listen (E:\mfolks_geotrix\Backend\node_modules\express\lib\application.js:635:24)
    at startServer (E:\mfolks_geotrix\Backend\server.ts:15:18)
    at processTicksAndRejections (node:internal/process/task_queues:103:5) {"code":"EADDRINUSE","errno":-4091,"syscall":"listen","address":"::","port":8000}
2026-07-17T11:07:42.759Z error: Error: listen EADDRINUSE: address already in use :::8000
    at Server.setupListenHandle [as _listen2] (node:net:1940:16)
    at listenInCluster (node:net:1997:12)
    at Server.listen (node:net:2102:7)
    at Function.listen (E:\mfolks_geotrix\Backend\node_modules\express\lib\application.js:635:24)
    at startServer (E:\mfolks_geotrix\Backend\server.ts:15:18)
    at processTicksAndRejections (node:internal/process/task_queues:103:5) {"code":"EADDRINUSE","errno":-4091,"syscall":"listen","address":"::","port":8000}
2026-07-17T11:07:42.759Z error: Error: listen EADDRINUSE: address already in use :::8000
    at Server.setupListenHandle [as _listen2] (node:net:1940:16)
    at listenInCluster (node:net:1997:12)
    at Server.listen (node:net:2102:7)
    at Function.listen (E:\mfolks_geotrix\Backend\node_modules\express\lib\application.js:635:24)
    at startServer (E:\mfolks_geotrix\Backend\server.ts:15:18)
    at processTicksAndRejections (node:internal/process/task_queues:103:5) {"code":"EADDRINUSE","errno":-4091,"syscall":"listen","address":"::","port":8000}
2026-07-17T11:07:42.941Z error: Error: listen EADDRINUSE: address already in use :::8000
    at Server.setupListenHandle [as _listen2] (node:net:1940:16)
    at listenInCluster (node:net:1997:12)
    at Server.listen (node:net:2102:7)
    at Function.listen (E:\mfolks_geotrix\Backend\node_modules\express\lib\application.js:635:24)
    at startServer (E:\mfolks_geotrix\Backend\server.ts:15:18)
    at processTicksAndRejections (node:internal/process/task_queues:103:5) {"code":"EADDRINUSE","errno":-4091,"syscall":"listen","address":"::","port":8000}
2026-07-17T11:07:43.575Z error: Error: listen EADDRINUSE: address already in use :::8000
    at Server.setupListenHandle [as _listen2] (node:net:1940:16)
    at listenInCluster (node:net:1997:12)
    at Server.listen (node:net:2102:7)
    at Function.listen (E:\mfolks_geotrix\Backend\node_modules\express\lib\application.js:635:24)
    at startServer (E:\mfolks_geotrix\Backend\server.ts:15:18)
    at processTicksAndRejections (node:internal/process/task_queues:103:5) {"code":"EADDRINUSE","errno":-4091,"syscall":"listen","address":"::","port":8000}
2026-07-17T11:07:43.585Z error: Error: listen EADDRINUSE: address already in use :::8000
    at Server.setupListenHandle [as _listen2] (node:net:1940:16)
    at listenInCluster (node:net:1997:12)
    at Server.listen (node:net:2102:7)
    at Function.listen (E:\mfolks_geotrix\Backend\node_modules\express\lib\application.js:635:24)
    at startServer (E:\mfolks_geotrix\Backend\server.ts:15:18)
    at processTicksAndRejections (node:internal/process/task_queues:103:5) {"code":"EADDRINUSE","errno":-4091,"syscall":"listen","address":"::","port":8000}
2026-07-17T11:09:39.339Z error: Error: listen EADDRINUSE: address already in use :::8000
    at Server.setupListenHandle [as _listen2] (node:net:1940:16)
    at listenInCluster (node:net:1997:12)
    at Server.listen (node:net:2102:7)
    at Function.listen (E:\mfolks_geotrix\Backend\node_modules\express\lib\application.js:635:24)
    at startServer (E:\mfolks_geotrix\Backend\server.ts:15:18)
    at processTicksAndRejections (node:internal/process/task_queues:103:5) {"code":"EADDRINUSE","errno":-4091,"syscall":"listen","address":"::","port":8000}
2026-07-17T11:09:39.387Z error: Error: listen EADDRINUSE: address already in use :::8000
    at Server.setupListenHandle [as _listen2] (node:net:1940:16)
    at listenInCluster (node:net:1997:12)
    at Server.listen (node:net:2102:7)
    at Function.listen (E:\mfolks_geotrix\Backend\node_modules\express\lib\application.js:635:24)
    at startServer (E:\mfolks_geotrix\Backend\server.ts:15:18)
    at processTicksAndRejections (node:internal/process/task_queues:103:5) {"code":"EADDRINUSE","errno":-4091,"syscall":"listen","address":"::","port":8000}
2026-07-17T11:09:39.388Z error: Error: listen EADDRINUSE: address already in use :::8000
    at Server.setupListenHandle [as _listen2] (node:net:1940:16)
    at listenInCluster (node:net:1997:12)
    at Server.listen (node:net:2102:7)
    at Function.listen (E:\mfolks_geotrix\Backend\node_modules\express\lib\application.js:635:24)
    at startServer (E:\mfolks_geotrix\Backend\server.ts:15:18)
    at processTicksAndRejections (node:internal/process/task_queues:103:5) {"code":"EADDRINUSE","errno":-4091,"syscall":"listen","address":"::","port":8000}
2026-07-17T11:09:39.393Z error: Error: listen EADDRINUSE: address already in use :::8000
    at Server.setupListenHandle [as _listen2] (node:net:1940:16)
    at listenInCluster (node:net:1997:12)
    at Server.listen (node:net:2102:7)
    at Function.listen (E:\mfolks_geotrix\Backend\node_modules\express\lib\application.js:635:24)
    at startServer (E:\mfolks_geotrix\Backend\server.ts:15:18)
    at processTicksAndRejections (node:internal/process/task_queues:103:5) {"code":"EADDRINUSE","errno":-4091,"syscall":"listen","address":"::","port":8000}
2026-07-17T11:09:39.469Z error: Error: listen EADDRINUSE: address already in use :::8000
    at Server.setupListenHandle [as _listen2] (node:net:1940:16)
    at listenInCluster (node:net:1997:12)
    at Server.listen (node:net:2102:7)
    at Function.listen (E:\mfolks_geotrix\Backend\node_modules\express\lib\application.js:635:24)
    at startServer (E:\mfolks_geotrix\Backend\server.ts:15:18)
    at processTicksAndRejections (node:internal/process/task_queues:103:5) {"code":"EADDRINUSE","errno":-4091,"syscall":"listen","address":"::","port":8000}
2026-07-17T11:09:39.488Z error: Error: listen EADDRINUSE: address already in use :::8000
    at Server.setupListenHandle [as _listen2] (node:net:1940:16)
    at listenInCluster (node:net:1997:12)
    at Server.listen (node:net:2102:7)
    at Function.listen (E:\mfolks_geotrix\Backend\node_modules\express\lib\application.js:635:24)
    at startServer (E:\mfolks_geotrix\Backend\server.ts:15:18)
    at processTicksAndRejections (node:internal/process/task_queues:103:5) {"code":"EADDRINUSE","errno":-4091,"syscall":"listen","address":"::","port":8000}
2026-07-17T11:10:29.642Z error: Error: listen EADDRINUSE: address already in use :::8000
    at Server.setupListenHandle [as _listen2] (node:net:1940:16)
    at listenInCluster (node:net:1997:12)
    at Server.listen (node:net:2102:7)
    at Function.listen (E:\mfolks_geotrix\Backend\node_modules\express\lib\application.js:635:24)
    at startServer (E:\mfolks_geotrix\Backend\server.ts:15:18)
    at processTicksAndRejections (node:internal/process/task_queues:103:5) {"code":"EADDRINUSE","errno":-4091,"syscall":"listen","address":"::","port":8000}
2026-07-17T11:10:31.280Z error: Error: listen EADDRINUSE: address already in use :::8000
    at Server.setupListenHandle [as _listen2] (node:net:1940:16)
    at listenInCluster (node:net:1997:12)
    at Server.listen (node:net:2102:7)
    at Function.listen (E:\mfolks_geotrix\Backend\node_modules\express\lib\application.js:635:24)
    at startServer (E:\mfolks_geotrix\Backend\server.ts:15:18)
    at processTicksAndRejections (node:internal/process/task_queues:103:5) {"code":"EADDRINUSE","errno":-4091,"syscall":"listen","address":"::","port":8000}
2026-07-17T11:10:31.410Z error: Error: listen EADDRINUSE: address already in use :::8000
    at Server.setupListenHandle [as _listen2] (node:net:1940:16)
    at listenInCluster (node:net:1997:12)
    at Server.listen (node:net:2102:7)
    at Function.listen (E:\mfolks_geotrix\Backend\node_modules\express\lib\application.js:635:24)
    at startServer (E:\mfolks_geotrix\Backend\server.ts:15:18)
    at processTicksAndRejections (node:internal/process/task_queues:103:5) {"code":"EADDRINUSE","errno":-4091,"syscall":"listen","address":"::","port":8000}
2026-07-17T11:10:31.628Z error: Error: listen EADDRINUSE: address already in use :::8000
    at Server.setupListenHandle [as _listen2] (node:net:1940:16)
    at listenInCluster (node:net:1997:12)
    at Server.listen (node:net:2102:7)
    at Function.listen (E:\mfolks_geotrix\Backend\node_modules\express\lib\application.js:635:24)
    at startServer (E:\mfolks_geotrix\Backend\server.ts:15:18)
    at processTicksAndRejections (node:internal/process/task_queues:103:5) {"code":"EADDRINUSE","errno":-4091,"syscall":"listen","address":"::","port":8000}
2026-07-17T11:10:32.490Z error: Error: listen EADDRINUSE: address already in use :::8000
    at Server.setupListenHandle [as _listen2] (node:net:1940:16)
    at listenInCluster (node:net:1997:12)
    at Server.listen (node:net:2102:7)
    at Function.listen (E:\mfolks_geotrix\Backend\node_modules\express\lib\application.js:635:24)
    at startServer (E:\mfolks_geotrix\Backend\server.ts:15:18)
    at processTicksAndRejections (node:internal/process/task_queues:103:5) {"code":"EADDRINUSE","errno":-4091,"syscall":"listen","address":"::","port":8000}
2026-07-17T11:10:33.092Z error: Error: listen EADDRINUSE: address already in use :::8000
    at Server.setupListenHandle [as _listen2] (node:net:1940:16)
    at listenInCluster (node:net:1997:12)
    at Server.listen (node:net:2102:7)
    at Function.listen (E:\mfolks_geotrix\Backend\node_modules\express\lib\application.js:635:24)
    at startServer (E:\mfolks_geotrix\Backend\server.ts:15:18)
    at processTicksAndRejections (node:internal/process/task_queues:103:5) {"code":"EADDRINUSE","errno":-4091,"syscall":"listen","address":"::","port":8000}
2026-07-17T11:11:07.551Z error: Error: listen EADDRINUSE: address already in use :::8000
    at Server.setupListenHandle [as _listen2] (node:net:1940:16)
    at listenInCluster (node:net:1997:12)
    at Server.listen (node:net:2102:7)
    at Function.listen (E:\mfolks_geotrix\Backend\node_modules\express\lib\application.js:635:24)
    at startServer (E:\mfolks_geotrix\Backend\server.ts:15:18)
    at processTicksAndRejections (node:internal/process/task_queues:103:5) {"code":"EADDRINUSE","errno":-4091,"syscall":"listen","address":"::","port":8000}
2026-07-17T11:11:08.292Z error: Error: listen EADDRINUSE: address already in use :::8000
    at Server.setupListenHandle [as _listen2] (node:net:1940:16)
    at listenInCluster (node:net:1997:12)
    at Server.listen (node:net:2102:7)
    at Function.listen (E:\mfolks_geotrix\Backend\node_modules\express\lib\application.js:635:24)
    at startServer (E:\mfolks_geotrix\Backend\server.ts:15:18)
    at processTicksAndRejections (node:internal/process/task_queues:103:5) {"code":"EADDRINUSE","errno":-4091,"syscall":"listen","address":"::","port":8000}
2026-07-17T11:11:08.662Z error: Error: listen EADDRINUSE: address already in use :::8000
    at Server.setupListenHandle [as _listen2] (node:net:1940:16)
    at listenInCluster (node:net:1997:12)
    at Server.listen (node:net:2102:7)
    at Function.listen (E:\mfolks_geotrix\Backend\node_modules\express\lib\application.js:635:24)
    at startServer (E:\mfolks_geotrix\Backend\server.ts:15:18)
    at processTicksAndRejections (node:internal/process/task_queues:103:5) {"code":"EADDRINUSE","errno":-4091,"syscall":"listen","address":"::","port":8000}
2026-07-17T11:11:08.703Z error: Error: listen EADDRINUSE: address already in use :::8000
    at Server.setupListenHandle [as _listen2] (node:net:1940:16)
    at listenInCluster (node:net:1997:12)
    at Server.listen (node:net:2102:7)
    at Function.listen (E:\mfolks_geotrix\Backend\node_modules\express\lib\application.js:635:24)
    at startServer (E:\mfolks_geotrix\Backend\server.ts:15:18)
    at processTicksAndRejections (node:internal/process/task_queues:103:5) {"code":"EADDRINUSE","errno":-4091,"syscall":"listen","address":"::","port":8000}
2026-07-17T11:11:09.343Z error: Error: listen EADDRINUSE: address already in use :::8000
    at Server.setupListenHandle [as _listen2] (node:net:1940:16)
    at listenInCluster (node:net:1997:12)
    at Server.listen (node:net:2102:7)
    at Function.listen (E:\mfolks_geotrix\Backend\node_modules\express\lib\application.js:635:24)
    at startServer (E:\mfolks_geotrix\Backend\server.ts:15:18)
    at processTicksAndRejections (node:internal/process/task_queues:103:5) {"code":"EADDRINUSE","errno":-4091,"syscall":"listen","address":"::","port":8000}
2026-07-17T11:11:09.504Z error: Error: listen EADDRINUSE: address already in use :::8000
    at Server.setupListenHandle [as _listen2] (node:net:1940:16)
    at listenInCluster (node:net:1997:12)
    at Server.listen (node:net:2102:7)
    at Function.listen (E:\mfolks_geotrix\Backend\node_modules\express\lib\application.js:635:24)
    at startServer (E:\mfolks_geotrix\Backend\server.ts:15:18)
    at processTicksAndRejections (node:internal/process/task_queues:103:5) {"code":"EADDRINUSE","errno":-4091,"syscall":"listen","address":"::","port":8000}
2026-07-17T11:12:43.306Z error: Error: listen EADDRINUSE: address already in use :::8000
    at Server.setupListenHandle [as _listen2] (node:net:1940:16)
    at listenInCluster (node:net:1997:12)
    at Server.listen (node:net:2102:7)
    at Function.listen (E:\mfolks_geotrix\Backend\node_modules\express\lib\application.js:635:24)
    at startServer (E:\mfolks_geotrix\Backend\server.ts:15:18)
    at processTicksAndRejections (node:internal/process/task_queues:103:5) {"code":"EADDRINUSE","errno":-4091,"syscall":"listen","address":"::","port":8000}
2026-07-17T11:12:43.510Z error: Error: listen EADDRINUSE: address already in use :::8000
    at Server.setupListenHandle [as _listen2] (node:net:1940:16)
    at listenInCluster (node:net:1997:12)
    at Server.listen (node:net:2102:7)
    at Function.listen (E:\mfolks_geotrix\Backend\node_modules\express\lib\application.js:635:24)
    at startServer (E:\mfolks_geotrix\Backend\server.ts:15:18)
    at processTicksAndRejections (node:internal/process/task_queues:103:5) {"code":"EADDRINUSE","errno":-4091,"syscall":"listen","address":"::","port":8000}
2026-07-17T11:12:43.537Z error: Error: listen EADDRINUSE: address already in use :::8000
    at Server.setupListenHandle [as _listen2] (node:net:1940:16)
    at listenInCluster (node:net:1997:12)
    at Server.listen (node:net:2102:7)
    at Function.listen (E:\mfolks_geotrix\Backend\node_modules\express\lib\application.js:635:24)
    at startServer (E:\mfolks_geotrix\Backend\server.ts:15:18)
    at processTicksAndRejections (node:internal/process/task_queues:103:5) {"code":"EADDRINUSE","errno":-4091,"syscall":"listen","address":"::","port":8000}
2026-07-17T11:12:44.172Z error: Error: listen EADDRINUSE: address already in use :::8000
    at Server.setupListenHandle [as _listen2] (node:net:1940:16)
    at listenInCluster (node:net:1997:12)
    at Server.listen (node:net:2102:7)
    at Function.listen (E:\mfolks_geotrix\Backend\node_modules\express\lib\application.js:635:24)
    at startServer (E:\mfolks_geotrix\Backend\server.ts:15:18)
    at processTicksAndRejections (node:internal/process/task_queues:103:5) {"code":"EADDRINUSE","errno":-4091,"syscall":"listen","address":"::","port":8000}
2026-07-17T11:12:45.268Z error: Error: listen EADDRINUSE: address already in use :::8000
    at Server.setupListenHandle [as _listen2] (node:net:1940:16)
    at listenInCluster (node:net:1997:12)
    at Server.listen (node:net:2102:7)
    at Function.listen (E:\mfolks_geotrix\Backend\node_modules\express\lib\application.js:635:24)
    at startServer (E:\mfolks_geotrix\Backend\server.ts:15:18)
    at processTicksAndRejections (node:internal/process/task_queues:103:5) {"code":"EADDRINUSE","errno":-4091,"syscall":"listen","address":"::","port":8000}
2026-07-17T11:12:48.281Z error: Error: listen EADDRINUSE: address already in use :::8000
    at Server.setupListenHandle [as _listen2] (node:net:1940:16)
    at listenInCluster (node:net:1997:12)
    at Server.listen (node:net:2102:7)
    at Function.listen (E:\mfolks_geotrix\Backend\node_modules\express\lib\application.js:635:24)
    at startServer (E:\mfolks_geotrix\Backend\server.ts:15:18)
    at processTicksAndRejections (node:internal/process/task_queues:103:5) {"code":"EADDRINUSE","errno":-4091,"syscall":"listen","address":"::","port":8000}
2026-07-17T11:32:46.407Z error: Error: listen EADDRINUSE: address already in use :::4000
    at Server.setupListenHandle [as _listen2] (node:net:1940:16)
    at listenInCluster (node:net:1997:12)
    at Server.listen (node:net:2102:7)
    at Function.listen (E:\mfolks_geotrix\Backend\node_modules\express\lib\application.js:635:24)
    at startServer (E:\mfolks_geotrix\Backend\server.ts:15:18)
    at processTicksAndRejections (node:internal/process/task_queues:103:5) {"code":"EADDRINUSE","errno":-4091,"syscall":"listen","address":"::","port":4000}
2026-07-17T11:32:46.408Z error: Error: listen EADDRINUSE: address already in use :::4000
    at Server.setupListenHandle [as _listen2] (node:net:1940:16)
    at listenInCluster (node:net:1997:12)
    at Server.listen (node:net:2102:7)
    at Function.listen (E:\mfolks_geotrix\Backend\node_modules\express\lib\application.js:635:24)
    at startServer (E:\mfolks_geotrix\Backend\server.ts:15:18)
    at processTicksAndRejections (node:internal/process/task_queues:103:5) {"code":"EADDRINUSE","errno":-4091,"syscall":"listen","address":"::","port":4000}
2026-07-17T11:32:46.436Z error: Error: listen EADDRINUSE: address already in use :::4000
    at Server.setupListenHandle [as _listen2] (node:net:1940:16)
    at listenInCluster (node:net:1997:12)
    at Server.listen (node:net:2102:7)
    at Function.listen (E:\mfolks_geotrix\Backend\node_modules\express\lib\application.js:635:24)
    at startServer (E:\mfolks_geotrix\Backend\server.ts:15:18)
    at processTicksAndRejections (node:internal/process/task_queues:103:5) {"code":"EADDRINUSE","errno":-4091,"syscall":"listen","address":"::","port":4000}
2026-07-17T11:32:46.717Z error: Error: listen EADDRINUSE: address already in use :::4000
    at Server.setupListenHandle [as _listen2] (node:net:1940:16)
    at listenInCluster (node:net:1997:12)
    at Server.listen (node:net:2102:7)
    at Function.listen (E:\mfolks_geotrix\Backend\node_modules\express\lib\application.js:635:24)
    at startServer (E:\mfolks_geotrix\Backend\server.ts:15:18)
    at processTicksAndRejections (node:internal/process/task_queues:103:5) {"code":"EADDRINUSE","errno":-4091,"syscall":"listen","address":"::","port":4000}
2026-07-17T11:32:46.828Z error: Error: listen EADDRINUSE: address already in use :::4000
    at Server.setupListenHandle [as _listen2] (node:net:1940:16)
    at listenInCluster (node:net:1997:12)
    at Server.listen (node:net:2102:7)
    at Function.listen (E:\mfolks_geotrix\Backend\node_modules\express\lib\application.js:635:24)
    at startServer (E:\mfolks_geotrix\Backend\server.ts:15:18)
    at processTicksAndRejections (node:internal/process/task_queues:103:5) {"code":"EADDRINUSE","errno":-4091,"syscall":"listen","address":"::","port":4000}
2026-07-17T11:37:16.444Z error: Error: listen EADDRINUSE: address already in use :::4000
    at Server.setupListenHandle [as _listen2] (node:net:1940:16)
    at listenInCluster (node:net:1997:12)
    at Server.listen (node:net:2102:7)
    at Function.listen (E:\mfolks_geotrix\Backend\node_modules\express\lib\application.js:635:24)
    at startServer (E:\mfolks_geotrix\Backend\server.ts:15:18)
    at processTicksAndRejections (node:internal/process/task_queues:103:5) {"code":"EADDRINUSE","errno":-4091,"syscall":"listen","address":"::","port":4000}
2026-07-17T11:37:17.091Z error: Error: listen EADDRINUSE: address already in use :::4000
    at Server.setupListenHandle [as _listen2] (node:net:1940:16)
    at listenInCluster (node:net:1997:12)
    at Server.listen (node:net:2102:7)
    at Function.listen (E:\mfolks_geotrix\Backend\node_modules\express\lib\application.js:635:24)
    at startServer (E:\mfolks_geotrix\Backend\server.ts:15:18)
    at processTicksAndRejections (node:internal/process/task_queues:103:5) {"code":"EADDRINUSE","errno":-4091,"syscall":"listen","address":"::","port":4000}
2026-07-17T11:37:17.136Z error: Error: listen EADDRINUSE: address already in use :::4000
    at Server.setupListenHandle [as _listen2] (node:net:1940:16)
    at listenInCluster (node:net:1997:12)
    at Server.listen (node:net:2102:7)
    at Function.listen (E:\mfolks_geotrix\Backend\node_modules\express\lib\application.js:635:24)
    at startServer (E:\mfolks_geotrix\Backend\server.ts:15:18)
    at processTicksAndRejections (node:internal/process/task_queues:103:5) {"code":"EADDRINUSE","errno":-4091,"syscall":"listen","address":"::","port":4000}
2026-07-17T11:37:17.333Z error: Error: listen EADDRINUSE: address already in use :::4000
    at Server.setupListenHandle [as _listen2] (node:net:1940:16)
    at listenInCluster (node:net:1997:12)
    at Server.listen (node:net:2102:7)
    at Function.listen (E:\mfolks_geotrix\Backend\node_modules\express\lib\application.js:635:24)
    at startServer (E:\mfolks_geotrix\Backend\server.ts:15:18)
    at processTicksAndRejections (node:internal/process/task_queues:103:5) {"code":"EADDRINUSE","errno":-4091,"syscall":"listen","address":"::","port":4000}
2026-07-17T11:37:17.474Z error: Error: listen EADDRINUSE: address already in use :::4000
    at Server.setupListenHandle [as _listen2] (node:net:1940:16)
    at listenInCluster (node:net:1997:12)
    at Server.listen (node:net:2102:7)
    at Function.listen (E:\mfolks_geotrix\Backend\node_modules\express\lib\application.js:635:24)
    at startServer (E:\mfolks_geotrix\Backend\server.ts:15:18)
    at processTicksAndRejections (node:internal/process/task_queues:103:5) {"code":"EADDRINUSE","errno":-4091,"syscall":"listen","address":"::","port":4000}
2026-07-17T11:37:18.252Z error: Error: listen EADDRINUSE: address already in use :::4000
    at Server.setupListenHandle [as _listen2] (node:net:1940:16)
    at listenInCluster (node:net:1997:12)
    at Server.listen (node:net:2102:7)
    at Function.listen (E:\mfolks_geotrix\Backend\node_modules\express\lib\application.js:635:24)
    at startServer (E:\mfolks_geotrix\Backend\server.ts:15:18)
    at processTicksAndRejections (node:internal/process/task_queues:103:5) {"code":"EADDRINUSE","errno":-4091,"syscall":"listen","address":"::","port":4000}
2026-07-17T11:40:30.618Z error: Error: listen EADDRINUSE: address already in use :::4000
    at Server.setupListenHandle [as _listen2] (node:net:1940:16)
    at listenInCluster (node:net:1997:12)
    at Server.listen (node:net:2102:7)
    at Function.listen (E:\mfolks_geotrix\Backend\node_modules\express\lib\application.js:635:24)
    at startServer (E:\mfolks_geotrix\Backend\server.ts:15:18)
    at processTicksAndRejections (node:internal/process/task_queues:103:5) {"code":"EADDRINUSE","errno":-4091,"syscall":"listen","address":"::","port":4000}
2026-07-17T11:40:31.876Z error: Error: listen EADDRINUSE: address already in use :::4000
    at Server.setupListenHandle [as _listen2] (node:net:1940:16)
    at listenInCluster (node:net:1997:12)
    at Server.listen (node:net:2102:7)
    at Function.listen (E:\mfolks_geotrix\Backend\node_modules\express\lib\application.js:635:24)
    at startServer (E:\mfolks_geotrix\Backend\server.ts:15:18)
    at processTicksAndRejections (node:internal/process/task_queues:103:5) {"code":"EADDRINUSE","errno":-4091,"syscall":"listen","address":"::","port":4000}
2026-07-17T11:40:32.224Z error: Error: listen EADDRINUSE: address already in use :::4000
    at Server.setupListenHandle [as _listen2] (node:net:1940:16)
    at listenInCluster (node:net:1997:12)
    at Server.listen (node:net:2102:7)
    at Function.listen (E:\mfolks_geotrix\Backend\node_modules\express\lib\application.js:635:24)
    at startServer (E:\mfolks_geotrix\Backend\server.ts:15:18)
    at processTicksAndRejections (node:internal/process/task_queues:103:5) {"code":"EADDRINUSE","errno":-4091,"syscall":"listen","address":"::","port":4000}
2026-07-17T11:40:32.305Z error: Error: listen EADDRINUSE: address already in use :::4000
    at Server.setupListenHandle [as _listen2] (node:net:1940:16)
    at listenInCluster (node:net:1997:12)
    at Server.listen (node:net:2102:7)
    at Function.listen (E:\mfolks_geotrix\Backend\node_modules\express\lib\application.js:635:24)
    at startServer (E:\mfolks_geotrix\Backend\server.ts:15:18)
    at processTicksAndRejections (node:internal/process/task_queues:103:5) {"code":"EADDRINUSE","errno":-4091,"syscall":"listen","address":"::","port":4000}
2026-07-17T11:40:32.336Z error: Error: listen EADDRINUSE: address already in use :::4000
    at Server.setupListenHandle [as _listen2] (node:net:1940:16)
    at listenInCluster (node:net:1997:12)
    at Server.listen (node:net:2102:7)
    at Function.listen (E:\mfolks_geotrix\Backend\node_modules\express\lib\application.js:635:24)
    at startServer (E:\mfolks_geotrix\Backend\server.ts:15:18)
    at processTicksAndRejections (node:internal/process/task_queues:103:5) {"code":"EADDRINUSE","errno":-4091,"syscall":"listen","address":"::","port":4000}
2026-07-17T11:40:32.592Z error: Error: listen EADDRINUSE: address already in use :::4000
    at Server.setupListenHandle [as _listen2] (node:net:1940:16)
    at listenInCluster (node:net:1997:12)
    at Server.listen (node:net:2102:7)
    at Function.listen (E:\mfolks_geotrix\Backend\node_modules\express\lib\application.js:635:24)
    at startServer (E:\mfolks_geotrix\Backend\server.ts:15:18)
    at processTicksAndRejections (node:internal/process/task_queues:103:5) {"code":"EADDRINUSE","errno":-4091,"syscall":"listen","address":"::","port":4000}
2026-07-17T11:41:10.684Z error: Error: listen EADDRINUSE: address already in use :::4000
    at Server.setupListenHandle [as _listen2] (node:net:1940:16)
    at listenInCluster (node:net:1997:12)
    at Server.listen (node:net:2102:7)
    at Function.listen (E:\mfolks_geotrix\Backend\node_modules\express\lib\application.js:635:24)
    at startServer (E:\mfolks_geotrix\Backend\server.ts:15:18)
    at processTicksAndRejections (node:internal/process/task_queues:103:5) {"code":"EADDRINUSE","errno":-4091,"syscall":"listen","address":"::","port":4000}
2026-07-17T11:41:11.481Z error: Error: listen EADDRINUSE: address already in use :::4000
    at Server.setupListenHandle [as _listen2] (node:net:1940:16)
    at listenInCluster (node:net:1997:12)
    at Server.listen (node:net:2102:7)
    at Function.listen (E:\mfolks_geotrix\Backend\node_modules\express\lib\application.js:635:24)
    at startServer (E:\mfolks_geotrix\Backend\server.ts:15:18)
    at processTicksAndRejections (node:internal/process/task_queues:103:5) {"code":"EADDRINUSE","errno":-4091,"syscall":"listen","address":"::","port":4000}
2026-07-17T11:41:11.603Z error: Error: listen EADDRINUSE: address already in use :::4000
    at Server.setupListenHandle [as _listen2] (node:net:1940:16)
    at listenInCluster (node:net:1997:12)
    at Server.listen (node:net:2102:7)
    at Function.listen (E:\mfolks_geotrix\Backend\node_modules\express\lib\application.js:635:24)
    at startServer (E:\mfolks_geotrix\Backend\server.ts:15:18)
    at processTicksAndRejections (node:internal/process/task_queues:103:5) {"code":"EADDRINUSE","errno":-4091,"syscall":"listen","address":"::","port":4000}
2026-07-17T11:41:11.737Z error: Error: listen EADDRINUSE: address already in use :::4000
    at Server.setupListenHandle [as _listen2] (node:net:1940:16)
    at listenInCluster (node:net:1997:12)
    at Server.listen (node:net:2102:7)
    at Function.listen (E:\mfolks_geotrix\Backend\node_modules\express\lib\application.js:635:24)
    at startServer (E:\mfolks_geotrix\Backend\server.ts:15:18)
    at processTicksAndRejections (node:internal/process/task_queues:103:5) {"code":"EADDRINUSE","errno":-4091,"syscall":"listen","address":"::","port":4000}
2026-07-17T11:41:12.104Z error: Error: listen EADDRINUSE: address already in use :::4000
    at Server.setupListenHandle [as _listen2] (node:net:1940:16)
    at listenInCluster (node:net:1997:12)
    at Server.listen (node:net:2102:7)
    at Function.listen (E:\mfolks_geotrix\Backend\node_modules\express\lib\application.js:635:24)
    at startServer (E:\mfolks_geotrix\Backend\server.ts:15:18)
    at processTicksAndRejections (node:internal/process/task_queues:103:5) {"code":"EADDRINUSE","errno":-4091,"syscall":"listen","address":"::","port":4000}
2026-07-17T11:41:12.468Z error: Error: listen EADDRINUSE: address already in use :::4000
    at Server.setupListenHandle [as _listen2] (node:net:1940:16)
    at listenInCluster (node:net:1997:12)
    at Server.listen (node:net:2102:7)
    at Function.listen (E:\mfolks_geotrix\Backend\node_modules\express\lib\application.js:635:24)
    at startServer (E:\mfolks_geotrix\Backend\server.ts:15:18)
    at processTicksAndRejections (node:internal/process/task_queues:103:5) {"code":"EADDRINUSE","errno":-4091,"syscall":"listen","address":"::","port":4000}
2026-07-17T11:41:55.375Z error: Error: listen EADDRINUSE: address already in use :::4000
    at Server.setupListenHandle [as _listen2] (node:net:1940:16)
    at listenInCluster (node:net:1997:12)
    at Server.listen (node:net:2102:7)
    at Function.listen (E:\mfolks_geotrix\Backend\node_modules\express\lib\application.js:635:24)
    at startServer (E:\mfolks_geotrix\Backend\server.ts:15:18)
    at processTicksAndRejections (node:internal/process/task_queues:103:5) {"code":"EADDRINUSE","errno":-4091,"syscall":"listen","address":"::","port":4000}
2026-07-17T11:41:59.509Z error: Error: listen EADDRINUSE: address already in use :::4000
    at Server.setupListenHandle [as _listen2] (node:net:1940:16)
    at listenInCluster (node:net:1997:12)
    at Server.listen (node:net:2102:7)
    at Function.listen (E:\mfolks_geotrix\Backend\node_modules\express\lib\application.js:635:24)
    at startServer (E:\mfolks_geotrix\Backend\server.ts:15:18)
    at processTicksAndRejections (node:internal/process/task_queues:103:5) {"code":"EADDRINUSE","errno":-4091,"syscall":"listen","address":"::","port":4000}
2026-07-17T11:41:59.972Z error: Error: listen EADDRINUSE: address already in use :::4000
    at Server.setupListenHandle [as _listen2] (node:net:1940:16)
    at listenInCluster (node:net:1997:12)
    at Server.listen (node:net:2102:7)
    at Function.listen (E:\mfolks_geotrix\Backend\node_modules\express\lib\application.js:635:24)
    at startServer (E:\mfolks_geotrix\Backend\server.ts:15:18)
    at processTicksAndRejections (node:internal/process/task_queues:103:5) {"code":"EADDRINUSE","errno":-4091,"syscall":"listen","address":"::","port":4000}
2026-07-17T11:42:01.199Z error: Error: listen EADDRINUSE: address already in use :::4000
    at Server.setupListenHandle [as _listen2] (node:net:1940:16)
    at listenInCluster (node:net:1997:12)
    at Server.listen (node:net:2102:7)
    at Function.listen (E:\mfolks_geotrix\Backend\node_modules\express\lib\application.js:635:24)
    at startServer (E:\mfolks_geotrix\Backend\server.ts:15:18)
    at processTicksAndRejections (node:internal/process/task_queues:103:5) {"code":"EADDRINUSE","errno":-4091,"syscall":"listen","address":"::","port":4000}
2026-07-17T11:42:01.268Z error: Error: listen EADDRINUSE: address already in use :::4000
    at Server.setupListenHandle [as _listen2] (node:net:1940:16)
    at listenInCluster (node:net:1997:12)
    at Server.listen (node:net:2102:7)
    at Function.listen (E:\mfolks_geotrix\Backend\node_modules\express\lib\application.js:635:24)
    at startServer (E:\mfolks_geotrix\Backend\server.ts:15:18)
    at processTicksAndRejections (node:internal/process/task_queues:103:5) {"code":"EADDRINUSE","errno":-4091,"syscall":"listen","address":"::","port":4000}
2026-07-17T11:42:01.477Z error: Error: listen EADDRINUSE: address already in use :::4000
    at Server.setupListenHandle [as _listen2] (node:net:1940:16)
    at listenInCluster (node:net:1997:12)
    at Server.listen (node:net:2102:7)
    at Function.listen (E:\mfolks_geotrix\Backend\node_modules\express\lib\application.js:635:24)
    at startServer (E:\mfolks_geotrix\Backend\server.ts:15:18)
    at processTicksAndRejections (node:internal/process/task_queues:103:5) {"code":"EADDRINUSE","errno":-4091,"syscall":"listen","address":"::","port":4000}
2026-07-17T11:43:06.926Z error: Error: listen EADDRINUSE: address already in use :::4000
    at Server.setupListenHandle [as _listen2] (node:net:1940:16)
    at listenInCluster (node:net:1997:12)
    at Server.listen (node:net:2102:7)
    at Function.listen (E:\mfolks_geotrix\Backend\node_modules\express\lib\application.js:635:24)
    at startServer (E:\mfolks_geotrix\Backend\server.ts:15:18)
    at processTicksAndRejections (node:internal/process/task_queues:103:5) {"code":"EADDRINUSE","errno":-4091,"syscall":"listen","address":"::","port":4000}
2026-07-17T11:43:07.268Z error: Error: listen EADDRINUSE: address already in use :::4000
    at Server.setupListenHandle [as _listen2] (node:net:1940:16)
    at listenInCluster (node:net:1997:12)
    at Server.listen (node:net:2102:7)
    at Function.listen (E:\mfolks_geotrix\Backend\node_modules\express\lib\application.js:635:24)
    at startServer (E:\mfolks_geotrix\Backend\server.ts:15:18)
    at processTicksAndRejections (node:internal/process/task_queues:103:5) {"code":"EADDRINUSE","errno":-4091,"syscall":"listen","address":"::","port":4000}
2026-07-17T11:43:07.347Z error: Error: listen EADDRINUSE: address already in use :::4000
    at Server.setupListenHandle [as _listen2] (node:net:1940:16)
    at listenInCluster (node:net:1997:12)
    at Server.listen (node:net:2102:7)
    at Function.listen (E:\mfolks_geotrix\Backend\node_modules\express\lib\application.js:635:24)
    at startServer (E:\mfolks_geotrix\Backend\server.ts:15:18)
    at processTicksAndRejections (node:internal/process/task_queues:103:5) {"code":"EADDRINUSE","errno":-4091,"syscall":"listen","address":"::","port":4000}
2026-07-17T11:43:07.368Z error: Error: listen EADDRINUSE: address already in use :::4000
    at Server.setupListenHandle [as _listen2] (node:net:1940:16)
    at listenInCluster (node:net:1997:12)
    at Server.listen (node:net:2102:7)
    at Function.listen (E:\mfolks_geotrix\Backend\node_modules\express\lib\application.js:635:24)
    at startServer (E:\mfolks_geotrix\Backend\server.ts:15:18)
    at processTicksAndRejections (node:internal/process/task_queues:103:5) {"code":"EADDRINUSE","errno":-4091,"syscall":"listen","address":"::","port":4000}
2026-07-17T11:43:07.585Z error: Error: listen EADDRINUSE: address already in use :::4000
    at Server.setupListenHandle [as _listen2] (node:net:1940:16)
    at listenInCluster (node:net:1997:12)
    at Server.listen (node:net:2102:7)
    at Function.listen (E:\mfolks_geotrix\Backend\node_modules\express\lib\application.js:635:24)
    at startServer (E:\mfolks_geotrix\Backend\server.ts:15:18)
    at processTicksAndRejections (node:internal/process/task_queues:103:5) {"code":"EADDRINUSE","errno":-4091,"syscall":"listen","address":"::","port":4000}
2026-07-17T11:43:08.227Z error: Error: listen EADDRINUSE: address already in use :::4000
    at Server.setupListenHandle [as _listen2] (node:net:1940:16)
    at listenInCluster (node:net:1997:12)
    at Server.listen (node:net:2102:7)
    at Function.listen (E:\mfolks_geotrix\Backend\node_modules\express\lib\application.js:635:24)
    at startServer (E:\mfolks_geotrix\Backend\server.ts:15:18)
    at processTicksAndRejections (node:internal/process/task_queues:103:5) {"code":"EADDRINUSE","errno":-4091,"syscall":"listen","address":"::","port":4000}
2026-07-17T11:44:47.772Z error: Error: listen EADDRINUSE: address already in use :::4000
    at Server.setupListenHandle [as _listen2] (node:net:1940:16)
    at listenInCluster (node:net:1997:12)
    at Server.listen (node:net:2102:7)
    at Function.listen (E:\mfolks_geotrix\Backend\node_modules\express\lib\application.js:635:24)
    at startServer (E:\mfolks_geotrix\Backend\server.ts:15:18)
    at processTicksAndRejections (node:internal/process/task_queues:103:5) {"code":"EADDRINUSE","errno":-4091,"syscall":"listen","address":"::","port":4000}
2026-07-17T11:44:47.887Z error: Error: listen EADDRINUSE: address already in use :::4000
    at Server.setupListenHandle [as _listen2] (node:net:1940:16)
    at listenInCluster (node:net:1997:12)
    at Server.listen (node:net:2102:7)
    at Function.listen (E:\mfolks_geotrix\Backend\node_modules\express\lib\application.js:635:24)
    at startServer (E:\mfolks_geotrix\Backend\server.ts:15:18)
    at processTicksAndRejections (node:internal/process/task_queues:103:5) {"code":"EADDRINUSE","errno":-4091,"syscall":"listen","address":"::","port":4000}
2026-07-17T11:44:48.000Z error: Error: listen EADDRINUSE: address already in use :::4000
    at Server.setupListenHandle [as _listen2] (node:net:1940:16)
    at listenInCluster (node:net:1997:12)
    at Server.listen (node:net:2102:7)
    at Function.listen (E:\mfolks_geotrix\Backend\node_modules\express\lib\application.js:635:24)
    at startServer (E:\mfolks_geotrix\Backend\server.ts:15:18)
    at processTicksAndRejections (node:internal/process/task_queues:103:5) {"code":"EADDRINUSE","errno":-4091,"syscall":"listen","address":"::","port":4000}
2026-07-17T11:44:48.129Z error: Error: listen EADDRINUSE: address already in use :::4000
    at Server.setupListenHandle [as _listen2] (node:net:1940:16)
    at listenInCluster (node:net:1997:12)
    at Server.listen (node:net:2102:7)
    at Function.listen (E:\mfolks_geotrix\Backend\node_modules\express\lib\application.js:635:24)
    at startServer (E:\mfolks_geotrix\Backend\server.ts:15:18)
    at processTicksAndRejections (node:internal/process/task_queues:103:5) {"code":"EADDRINUSE","errno":-4091,"syscall":"listen","address":"::","port":4000}
2026-07-17T11:44:48.201Z error: Error: listen EADDRINUSE: address already in use :::4000
    at Server.setupListenHandle [as _listen2] (node:net:1940:16)
    at listenInCluster (node:net:1997:12)
    at Server.listen (node:net:2102:7)
    at Function.listen (E:\mfolks_geotrix\Backend\node_modules\express\lib\application.js:635:24)
    at startServer (E:\mfolks_geotrix\Backend\server.ts:15:18)
    at processTicksAndRejections (node:internal/process/task_queues:103:5) {"code":"EADDRINUSE","errno":-4091,"syscall":"listen","address":"::","port":4000}
2026-07-17T11:44:48.348Z error: Error: listen EADDRINUSE: address already in use :::4000
    at Server.setupListenHandle [as _listen2] (node:net:1940:16)
    at listenInCluster (node:net:1997:12)
    at Server.listen (node:net:2102:7)
    at Function.listen (E:\mfolks_geotrix\Backend\node_modules\express\lib\application.js:635:24)
    at startServer (E:\mfolks_geotrix\Backend\server.ts:15:18)
    at processTicksAndRejections (node:internal/process/task_queues:103:5) {"code":"EADDRINUSE","errno":-4091,"syscall":"listen","address":"::","port":4000}
2026-07-18T05:08:55.461Z error: Error: listen EADDRINUSE: address already in use :::4000
    at Server.setupListenHandle [as _listen2] (node:net:1940:16)
    at listenInCluster (node:net:1997:12)
    at Server.listen (node:net:2102:7)
    at Function.listen (E:\mfolks_geotrix\Backend\node_modules\express\lib\application.js:635:24)
    at startServer (E:\mfolks_geotrix\Backend\server.ts:15:18)
    at processTicksAndRejections (node:internal/process/task_queues:103:5) {"code":"EADDRINUSE","errno":-4091,"syscall":"listen","address":"::","port":4000}
2026-07-18T05:10:09.528Z error: Error: listen EADDRINUSE: address already in use :::6000
    at Server.setupListenHandle [as _listen2] (node:net:1940:16)
    at listenInCluster (node:net:1997:12)
    at Server.listen (node:net:2102:7)
    at Function.listen (E:\mfolks_geotrix\Backend\node_modules\express\lib\application.js:635:24)
    at startServer (E:\mfolks_geotrix\Backend\server.ts:15:18)
    at processTicksAndRejections (node:internal/process/task_queues:103:5) {"code":"EADDRINUSE","errno":-4091,"syscall":"listen","address":"::","port":6000}
2026-07-18T05:10:09.557Z error: Error: listen EADDRINUSE: address already in use :::6000
    at Server.setupListenHandle [as _listen2] (node:net:1940:16)
    at listenInCluster (node:net:1997:12)
    at Server.listen (node:net:2102:7)
    at Function.listen (E:\mfolks_geotrix\Backend\node_modules\express\lib\application.js:635:24)
    at startServer (E:\mfolks_geotrix\Backend\server.ts:15:18)
    at processTicksAndRejections (node:internal/process/task_queues:103:5) {"code":"EADDRINUSE","errno":-4091,"syscall":"listen","address":"::","port":6000}
2026-07-18T05:10:09.565Z error: Error: listen EADDRINUSE: address already in use :::6000
    at Server.setupListenHandle [as _listen2] (node:net:1940:16)
    at listenInCluster (node:net:1997:12)
    at Server.listen (node:net:2102:7)
    at Function.listen (E:\mfolks_geotrix\Backend\node_modules\express\lib\application.js:635:24)
    at startServer (E:\mfolks_geotrix\Backend\server.ts:15:18)
    at processTicksAndRejections (node:internal/process/task_queues:103:5) {"code":"EADDRINUSE","errno":-4091,"syscall":"listen","address":"::","port":6000}
2026-07-18T05:10:09.634Z error: Error: listen EADDRINUSE: address already in use :::6000
    at Server.setupListenHandle [as _listen2] (node:net:1940:16)
    at listenInCluster (node:net:1997:12)
    at Server.listen (node:net:2102:7)
    at Function.listen (E:\mfolks_geotrix\Backend\node_modules\express\lib\application.js:635:24)
    at startServer (E:\mfolks_geotrix\Backend\server.ts:15:18)
    at processTicksAndRejections (node:internal/process/task_queues:103:5) {"code":"EADDRINUSE","errno":-4091,"syscall":"listen","address":"::","port":6000}
2026-07-18T05:10:10.358Z error: Error: listen EADDRINUSE: address already in use :::6000
    at Server.setupListenHandle [as _listen2] (node:net:1940:16)
    at listenInCluster (node:net:1997:12)
    at Server.listen (node:net:2102:7)
    at Function.listen (E:\mfolks_geotrix\Backend\node_modules\express\lib\application.js:635:24)
    at startServer (E:\mfolks_geotrix\Backend\server.ts:15:18)
    at processTicksAndRejections (node:internal/process/task_queues:103:5) {"code":"EADDRINUSE","errno":-4091,"syscall":"listen","address":"::","port":6000}
2026-07-18T05:10:12.761Z error: Error: listen EADDRINUSE: address already in use :::6000
    at Server.setupListenHandle [as _listen2] (node:net:1940:16)
    at listenInCluster (node:net:1997:12)
    at Server.listen (node:net:2102:7)
    at Function.listen (E:\mfolks_geotrix\Backend\node_modules\express\lib\application.js:635:24)
    at startServer (E:\mfolks_geotrix\Backend\server.ts:15:18)
    at processTicksAndRejections (node:internal/process/task_queues:103:5) {"code":"EADDRINUSE","errno":-4091,"syscall":"listen","address":"::","port":6000}
2026-07-18T05:14:59.151Z error: Error: listen EADDRINUSE: address already in use :::6000
    at Server.setupListenHandle [as _listen2] (node:net:1940:16)
    at listenInCluster (node:net:1997:12)
    at Server.listen (node:net:2102:7)
    at Function.listen (E:\mfolks_geotrix\Backend\node_modules\express\lib\application.js:635:24)
    at startServer (E:\mfolks_geotrix\Backend\server.ts:15:18)
    at processTicksAndRejections (node:internal/process/task_queues:103:5) {"code":"EADDRINUSE","errno":-4091,"syscall":"listen","address":"::","port":6000}
2026-07-18T05:14:59.625Z error: Error: listen EADDRINUSE: address already in use :::6000
    at Server.setupListenHandle [as _listen2] (node:net:1940:16)
    at listenInCluster (node:net:1997:12)
    at Server.listen (node:net:2102:7)
    at Function.listen (E:\mfolks_geotrix\Backend\node_modules\express\lib\application.js:635:24)
    at startServer (E:\mfolks_geotrix\Backend\server.ts:15:18)
    at processTicksAndRejections (node:internal/process/task_queues:103:5) {"code":"EADDRINUSE","errno":-4091,"syscall":"listen","address":"::","port":6000}
2026-07-18T05:14:59.656Z error: Error: listen EADDRINUSE: address already in use :::6000
    at Server.setupListenHandle [as _listen2] (node:net:1940:16)
    at listenInCluster (node:net:1997:12)
    at Server.listen (node:net:2102:7)
    at Function.listen (E:\mfolks_geotrix\Backend\node_modules\express\lib\application.js:635:24)
    at startServer (E:\mfolks_geotrix\Backend\server.ts:15:18)
    at processTicksAndRejections (node:internal/process/task_queues:103:5) {"code":"EADDRINUSE","errno":-4091,"syscall":"listen","address":"::","port":6000}
2026-07-18T05:14:59.788Z error: Error: listen EADDRINUSE: address already in use :::6000
    at Server.setupListenHandle [as _listen2] (node:net:1940:16)
    at listenInCluster (node:net:1997:12)
    at Server.listen (node:net:2102:7)
    at Function.listen (E:\mfolks_geotrix\Backend\node_modules\express\lib\application.js:635:24)
    at startServer (E:\mfolks_geotrix\Backend\server.ts:15:18)
    at processTicksAndRejections (node:internal/process/task_queues:103:5) {"code":"EADDRINUSE","errno":-4091,"syscall":"listen","address":"::","port":6000}
2026-07-18T05:14:59.945Z error: Error: listen EADDRINUSE: address already in use :::6000
    at Server.setupListenHandle [as _listen2] (node:net:1940:16)
    at listenInCluster (node:net:1997:12)
    at Server.listen (node:net:2102:7)
    at Function.listen (E:\mfolks_geotrix\Backend\node_modules\express\lib\application.js:635:24)
    at startServer (E:\mfolks_geotrix\Backend\server.ts:15:18)
    at processTicksAndRejections (node:internal/process/task_queues:103:5) {"code":"EADDRINUSE","errno":-4091,"syscall":"listen","address":"::","port":6000}
2026-07-18T05:15:02.639Z error: Error: listen EADDRINUSE: address already in use :::6000
    at Server.setupListenHandle [as _listen2] (node:net:1940:16)
    at listenInCluster (node:net:1997:12)
    at Server.listen (node:net:2102:7)
    at Function.listen (E:\mfolks_geotrix\Backend\node_modules\express\lib\application.js:635:24)
    at startServer (E:\mfolks_geotrix\Backend\server.ts:15:18)
    at processTicksAndRejections (node:internal/process/task_queues:103:5) {"code":"EADDRINUSE","errno":-4091,"syscall":"listen","address":"::","port":6000}
2026-07-18T05:54:17.801Z error: Error: listen EADDRINUSE: address already in use :::8000
    at Server.setupListenHandle [as _listen2] (node:net:1940:16)
    at listenInCluster (node:net:1997:12)
    at Server.listen (node:net:2102:7)
    at Function.listen (E:\mfolks_geotrix\Backend\node_modules\express\lib\application.js:635:24)
    at startServer (E:\mfolks_geotrix\Backend\server.ts:15:18)
    at processTicksAndRejections (node:internal/process/task_queues:103:5) {"code":"EADDRINUSE","errno":-4091,"syscall":"listen","address":"::","port":8000}
2026-07-18T05:54:19.066Z error: Error: listen EADDRINUSE: address already in use :::8000
    at Server.setupListenHandle [as _listen2] (node:net:1940:16)
    at listenInCluster (node:net:1997:12)
    at Server.listen (node:net:2102:7)
    at Function.listen (E:\mfolks_geotrix\Backend\node_modules\express\lib\application.js:635:24)
    at startServer (E:\mfolks_geotrix\Backend\server.ts:15:18)
    at processTicksAndRejections (node:internal/process/task_queues:103:5) {"code":"EADDRINUSE","errno":-4091,"syscall":"listen","address":"::","port":8000}
2026-07-18T05:54:19.108Z error: Error: listen EADDRINUSE: address already in use :::8000
    at Server.setupListenHandle [as _listen2] (node:net:1940:16)
    at listenInCluster (node:net:1997:12)
    at Server.listen (node:net:2102:7)
    at Function.listen (E:\mfolks_geotrix\Backend\node_modules\express\lib\application.js:635:24)
    at startServer (E:\mfolks_geotrix\Backend\server.ts:15:18)
    at processTicksAndRejections (node:internal/process/task_queues:103:5) {"code":"EADDRINUSE","errno":-4091,"syscall":"listen","address":"::","port":8000}
2026-07-18T05:54:19.178Z error: Error: listen EADDRINUSE: address already in use :::8000
    at Server.setupListenHandle [as _listen2] (node:net:1940:16)
    at listenInCluster (node:net:1997:12)
    at Server.listen (node:net:2102:7)
    at Function.listen (E:\mfolks_geotrix\Backend\node_modules\express\lib\application.js:635:24)
    at startServer (E:\mfolks_geotrix\Backend\server.ts:15:18)
    at processTicksAndRejections (node:internal/process/task_queues:103:5) {"code":"EADDRINUSE","errno":-4091,"syscall":"listen","address":"::","port":8000}
2026-07-18T05:54:19.742Z error: Error: listen EADDRINUSE: address already in use :::8000
    at Server.setupListenHandle [as _listen2] (node:net:1940:16)
    at listenInCluster (node:net:1997:12)
    at Server.listen (node:net:2102:7)
    at Function.listen (E:\mfolks_geotrix\Backend\node_modules\express\lib\application.js:635:24)
    at startServer (E:\mfolks_geotrix\Backend\server.ts:15:18)
    at processTicksAndRejections (node:internal/process/task_queues:103:5) {"code":"EADDRINUSE","errno":-4091,"syscall":"listen","address":"::","port":8000}
2026-07-18T05:54:20.574Z error: Error: listen EADDRINUSE: address already in use :::8000
    at Server.setupListenHandle [as _listen2] (node:net:1940:16)
    at listenInCluster (node:net:1997:12)
    at Server.listen (node:net:2102:7)
    at Function.listen (E:\mfolks_geotrix\Backend\node_modules\express\lib\application.js:635:24)
    at startServer (E:\mfolks_geotrix\Backend\server.ts:15:18)
    at processTicksAndRejections (node:internal/process/task_queues:103:5) {"code":"EADDRINUSE","errno":-4091,"syscall":"listen","address":"::","port":8000}
2026-07-18T05:58:11.059Z error: Error: listen EADDRINUSE: address already in use :::4000
    at Server.setupListenHandle [as _listen2] (node:net:1940:16)
    at listenInCluster (node:net:1997:12)
    at Server.listen (node:net:2102:7)
    at Function.listen (E:\mfolks_geotrix\Backend\node_modules\express\lib\application.js:635:24)
    at startServer (E:\mfolks_geotrix\Backend\server.ts:15:18)
    at processTicksAndRejections (node:internal/process/task_queues:103:5) {"code":"EADDRINUSE","errno":-4091,"syscall":"listen","address":"::","port":4000}
2026-07-18T06:21:26.675Z error: Error: listen EADDRINUSE: address already in use :::6000
    at Server.setupListenHandle [as _listen2] (node:net:1940:16)
    at listenInCluster (node:net:1997:12)
    at Server.listen (node:net:2102:7)
    at Function.listen (E:\mfolks_geotrix\Backend\node_modules\express\lib\application.js:635:24)
    at startServer (E:\mfolks_geotrix\Backend\server.ts:15:18)
    at processTicksAndRejections (node:internal/process/task_queues:103:5) {"code":"EADDRINUSE","errno":-4091,"syscall":"listen","address":"::","port":6000}
2026-07-18T06:21:27.717Z error: Error: listen EADDRINUSE: address already in use :::6000
    at Server.setupListenHandle [as _listen2] (node:net:1940:16)
    at listenInCluster (node:net:1997:12)
    at Server.listen (node:net:2102:7)
    at Function.listen (E:\mfolks_geotrix\Backend\node_modules\express\lib\application.js:635:24)
    at startServer (E:\mfolks_geotrix\Backend\server.ts:15:18)
    at processTicksAndRejections (node:internal/process/task_queues:103:5) {"code":"EADDRINUSE","errno":-4091,"syscall":"listen","address":"::","port":6000}
2026-07-18T06:21:27.763Z error: Error: listen EADDRINUSE: address already in use :::6000
    at Server.setupListenHandle [as _listen2] (node:net:1940:16)
    at listenInCluster (node:net:1997:12)
    at Server.listen (node:net:2102:7)
    at Function.listen (E:\mfolks_geotrix\Backend\node_modules\express\lib\application.js:635:24)
    at startServer (E:\mfolks_geotrix\Backend\server.ts:15:18)
    at processTicksAndRejections (node:internal/process/task_queues:103:5) {"code":"EADDRINUSE","errno":-4091,"syscall":"listen","address":"::","port":6000}
2026-07-18T06:21:27.854Z error: Error: listen EADDRINUSE: address already in use :::6000
    at Server.setupListenHandle [as _listen2] (node:net:1940:16)
    at listenInCluster (node:net:1997:12)
    at Server.listen (node:net:2102:7)
    at Function.listen (E:\mfolks_geotrix\Backend\node_modules\express\lib\application.js:635:24)
    at startServer (E:\mfolks_geotrix\Backend\server.ts:15:18)
    at processTicksAndRejections (node:internal/process/task_queues:103:5) {"code":"EADDRINUSE","errno":-4091,"syscall":"listen","address":"::","port":6000}
2026-07-18T06:21:27.886Z error: Error: listen EADDRINUSE: address already in use :::6000
    at Server.setupListenHandle [as _listen2] (node:net:1940:16)
    at listenInCluster (node:net:1997:12)
    at Server.listen (node:net:2102:7)
    at Function.listen (E:\mfolks_geotrix\Backend\node_modules\express\lib\application.js:635:24)
    at startServer (E:\mfolks_geotrix\Backend\server.ts:15:18)
    at processTicksAndRejections (node:internal/process/task_queues:103:5) {"code":"EADDRINUSE","errno":-4091,"syscall":"listen","address":"::","port":6000}
2026-07-18T06:21:28.497Z error: Error: listen EADDRINUSE: address already in use :::6000
    at Server.setupListenHandle [as _listen2] (node:net:1940:16)
    at listenInCluster (node:net:1997:12)
    at Server.listen (node:net:2102:7)
    at Function.listen (E:\mfolks_geotrix\Backend\node_modules\express\lib\application.js:635:24)
    at startServer (E:\mfolks_geotrix\Backend\server.ts:15:18)
    at processTicksAndRejections (node:internal/process/task_queues:103:5) {"code":"EADDRINUSE","errno":-4091,"syscall":"listen","address":"::","port":6000}
2026-07-18T06:37:07.673Z error: Error: listen EADDRINUSE: address already in use :::6000
    at Server.setupListenHandle [as _listen2] (node:net:1940:16)
    at listenInCluster (node:net:1997:12)
    at Server.listen (node:net:2102:7)
    at Function.listen (E:\mfolks_geotrix\Backend\node_modules\express\lib\application.js:635:24)
    at startServer (E:\mfolks_geotrix\Backend\server.ts:15:18)
    at processTicksAndRejections (node:internal/process/task_queues:103:5) {"code":"EADDRINUSE","errno":-4091,"syscall":"listen","address":"::","port":6000}
2026-07-18T06:45:11.611Z error: Error: listen EADDRINUSE: address already in use :::6000
    at Server.setupListenHandle [as _listen2] (node:net:1940:16)
    at listenInCluster (node:net:1997:12)
    at Server.listen (node:net:2102:7)
    at Function.listen (E:\mfolks_geotrix\Backend\node_modules\express\lib\application.js:635:24)
    at startServer (E:\mfolks_geotrix\Backend\server.ts:15:18)
    at processTicksAndRejections (node:internal/process/task_queues:103:5) {"code":"EADDRINUSE","errno":-4091,"syscall":"listen","address":"::","port":6000}
2026-07-18T06:45:11.809Z error: Error: listen EADDRINUSE: address already in use :::6000
    at Server.setupListenHandle [as _listen2] (node:net:1940:16)
    at listenInCluster (node:net:1997:12)
    at Server.listen (node:net:2102:7)
    at Function.listen (E:\mfolks_geotrix\Backend\node_modules\express\lib\application.js:635:24)
    at startServer (E:\mfolks_geotrix\Backend\server.ts:15:18)
    at processTicksAndRejections (node:internal/process/task_queues:103:5) {"code":"EADDRINUSE","errno":-4091,"syscall":"listen","address":"::","port":6000}
2026-07-18T06:45:11.915Z error: Error: listen EADDRINUSE: address already in use :::6000
    at Server.setupListenHandle [as _listen2] (node:net:1940:16)
    at listenInCluster (node:net:1997:12)
    at Server.listen (node:net:2102:7)
    at Function.listen (E:\mfolks_geotrix\Backend\node_modules\express\lib\application.js:635:24)
    at startServer (E:\mfolks_geotrix\Backend\server.ts:15:18)
    at processTicksAndRejections (node:internal/process/task_queues:103:5) {"code":"EADDRINUSE","errno":-4091,"syscall":"listen","address":"::","port":6000}
2026-07-18T06:45:12.040Z error: Error: listen EADDRINUSE: address already in use :::6000
    at Server.setupListenHandle [as _listen2] (node:net:1940:16)
    at listenInCluster (node:net:1997:12)
    at Server.listen (node:net:2102:7)
    at Function.listen (E:\mfolks_geotrix\Backend\node_modules\express\lib\application.js:635:24)
    at startServer (E:\mfolks_geotrix\Backend\server.ts:15:18)
    at processTicksAndRejections (node:internal/process/task_queues:103:5) {"code":"EADDRINUSE","errno":-4091,"syscall":"listen","address":"::","port":6000}
2026-07-18T06:45:12.157Z error: Error: listen EADDRINUSE: address already in use :::6000
    at Server.setupListenHandle [as _listen2] (node:net:1940:16)
    at listenInCluster (node:net:1997:12)
    at Server.listen (node:net:2102:7)
    at Function.listen (E:\mfolks_geotrix\Backend\node_modules\express\lib\application.js:635:24)
    at startServer (E:\mfolks_geotrix\Backend\server.ts:15:18)
    at processTicksAndRejections (node:internal/process/task_queues:103:5) {"code":"EADDRINUSE","errno":-4091,"syscall":"listen","address":"::","port":6000}
2026-07-18T06:45:15.569Z error: Error: listen EADDRINUSE: address already in use :::6000
    at Server.setupListenHandle [as _listen2] (node:net:1940:16)
    at listenInCluster (node:net:1997:12)
    at Server.listen (node:net:2102:7)
    at Function.listen (E:\mfolks_geotrix\Backend\node_modules\express\lib\application.js:635:24)
    at startServer (E:\mfolks_geotrix\Backend\server.ts:15:18)
    at processTicksAndRejections (node:internal/process/task_queues:103:5) {"code":"EADDRINUSE","errno":-4091,"syscall":"listen","address":"::","port":6000}
2026-07-18T07:26:37.900Z error: Error: listen EADDRINUSE: address already in use :::6000
    at Server.setupListenHandle [as _listen2] (node:net:1940:16)
    at listenInCluster (node:net:1997:12)
    at Server.listen (node:net:2102:7)
    at Function.listen (E:\mfolks_geotrix\Backend\node_modules\express\lib\application.js:635:24)
    at startServer (E:\mfolks_geotrix\Backend\server.ts:15:18)
    at processTicksAndRejections (node:internal/process/task_queues:103:5) {"code":"EADDRINUSE","errno":-4091,"syscall":"listen","address":"::","port":6000}
2026-07-18T07:50:06.782Z error: Error: listen EADDRINUSE: address already in use :::6000
    at Server.setupListenHandle [as _listen2] (node:net:1940:16)
    at listenInCluster (node:net:1997:12)
    at Server.listen (node:net:2102:7)
    at Function.listen (E:\mfolks_geotrix\Backend\node_modules\express\lib\application.js:635:24)
    at startServer (E:\mfolks_geotrix\Backend\server.ts:15:18)
    at processTicksAndRejections (node:internal/process/task_queues:103:5) {"code":"EADDRINUSE","errno":-4091,"syscall":"listen","address":"::","port":6000}
2026-07-18T07:59:40.117Z error: Error: listen EADDRINUSE: address already in use :::6000
    at Server.setupListenHandle [as _listen2] (node:net:1940:16)
    at listenInCluster (node:net:1997:12)
    at Server.listen (node:net:2102:7)
    at Function.listen (E:\mfolks_geotrix\Backend\node_modules\express\lib\application.js:635:24)
    at startServer (E:\mfolks_geotrix\Backend\server.ts:15:18)
    at processTicksAndRejections (node:internal/process/task_queues:103:5) {"code":"EADDRINUSE","errno":-4091,"syscall":"listen","address":"::","port":6000}
2026-07-18T10:12:12.433Z error: Error: listen EADDRINUSE: address already in use :::6000
    at Server.setupListenHandle [as _listen2] (node:net:1940:16)
    at listenInCluster (node:net:1997:12)
    at Server.listen (node:net:2102:7)
    at Function.listen (E:\mfolks_geotrix\Backend\node_modules\express\lib\application.js:635:24)
    at startServer (E:\mfolks_geotrix\Backend\server.ts:15:18)
    at processTicksAndRejections (node:internal/process/task_queues:103:5) {"code":"EADDRINUSE","errno":-4091,"syscall":"listen","address":"::","port":6000}
2026-07-18T11:09:19.125Z error: Error: listen EADDRINUSE: address already in use :::6000
    at Server.setupListenHandle [as _listen2] (node:net:1940:16)
    at listenInCluster (node:net:1997:12)
    at Server.listen (node:net:2102:7)
    at Function.listen (E:\mfolks_geotrix\Backend\node_modules\express\lib\application.js:635:24)
    at startServer (E:\mfolks_geotrix\Backend\server.ts:15:18)
    at processTicksAndRejections (node:internal/process/task_queues:103:5) {"code":"EADDRINUSE","errno":-4091,"syscall":"listen","address":"::","port":6000}
2026-07-19T15:31:21.871Z error: Error: listen EADDRINUSE: address already in use :::6000
    at Server.setupListenHandle [as _listen2] (node:net:1940:16)
    at listenInCluster (node:net:1997:12)
    at Server.listen (node:net:2102:7)
    at Function.listen (E:\mfolks_geotrix\Backend\node_modules\express\lib\application.js:635:24)
    at startServer (E:\mfolks_geotrix\Backend\server.ts:15:18)
    at processTicksAndRejections (node:internal/process/task_queues:103:5) {"code":"EADDRINUSE","errno":-4091,"syscall":"listen","address":"::","port":6000}
2026-07-19T15:56:27.066Z error: Error: listen EADDRINUSE: address already in use :::6000
    at Server.setupListenHandle [as _listen2] (node:net:1940:16)
    at listenInCluster (node:net:1997:12)
    at Server.listen (node:net:2102:7)
    at Function.listen (E:\mfolks_geotrix\Backend\node_modules\express\lib\application.js:635:24)
    at startServer (E:\mfolks_geotrix\Backend\server.ts:15:18)
    at processTicksAndRejections (node:internal/process/task_queues:103:5) {"code":"EADDRINUSE","errno":-4091,"syscall":"listen","address":"::","port":6000}
2026-07-20T07:03:49.593Z error: MongooseServerSelectionError: getaddrinfo ENOTFOUND 361e5896474f
    at _handleConnectionErrors (E:\mfolks_geotrix\Backend\node_modules\mongoose\lib\connection.js:1169:11)
    at NativeConnection.openUri (E:\mfolks_geotrix\Backend\node_modules\mongoose\lib\connection.js:1100:11)
    at async connectMongoDB (E:\mfolks_geotrix\Backend\src\database\mongodb\connection.ts:11:5)
    at async startServer (E:\mfolks_geotrix\Backend\server.ts:13:5) {"errorLabelSet":{},"reason":{"type":"ReplicaSetNoPrimary","servers":{"361e5896474f:27017":{"address":"361e5896474f:27017","type":"Unknown","hosts":[],"passives":[],"arbiters":[],"tags":{},"minWireVersion":0,"maxWireVersion":0,"roundTripTime":-1,"minRoundTripTime":0,"lastUpdateTime":252442465,"lastWriteDate":0,"error":{"errorLabelSet":{},"beforeHandshake":false},"topologyVersion":null,"setName":null,"setVersion":null,"electionId":null,"logicalSessionTimeoutMinutes":null,"maxMessageSizeBytes":null,"maxWriteBatchSize":null,"maxBsonObjectSize":null,"primary":null,"me":null,"$clusterTime":null,"iscryptd":false}},"stale":false,"compatible":true,"heartbeatFrequencyMS":10000,"localThresholdMS":15,"setName":"rs0","maxElectionId":{"$oid":"7fffffff0000000000000001"},"maxSetVersion":1,"commonWireVersion":0,"logicalSessionTimeoutMinutes":null},"cause":{"type":"ReplicaSetNoPrimary","servers":{"361e5896474f:27017":{"address":"361e5896474f:27017","type":"Unknown","hosts":[],"passives":[],"arbiters":[],"tags":{},"minWireVersion":0,"maxWireVersion":0,"roundTripTime":-1,"minRoundTripTime":0,"lastUpdateTime":252442465,"lastWriteDate":0,"error":{"errorLabelSet":{},"beforeHandshake":false},"topologyVersion":null,"setName":null,"setVersion":null,"electionId":null,"logicalSessionTimeoutMinutes":null,"maxMessageSizeBytes":null,"maxWriteBatchSize":null,"maxBsonObjectSize":null,"primary":null,"me":null,"$clusterTime":null,"iscryptd":false}},"stale":false,"compatible":true,"heartbeatFrequencyMS":10000,"localThresholdMS":15,"setName":"rs0","maxElectionId":{"$oid":"7fffffff0000000000000001"},"maxSetVersion":1,"commonWireVersion":0,"logicalSessionTimeoutMinutes":null}}
2026-07-20T07:11:51.922Z error: MongooseServerSelectionError: getaddrinfo ENOTFOUND mongo
    at _handleConnectionErrors (E:\mfolks_geotrix\Backend\node_modules\mongoose\lib\connection.js:1169:11)
    at NativeConnection.openUri (E:\mfolks_geotrix\Backend\node_modules\mongoose\lib\connection.js:1100:11)
    at async connectMongoDB (E:\mfolks_geotrix\Backend\src\database\mongodb\connection.ts:11:5)
    at async startServer (E:\mfolks_geotrix\Backend\server.ts:13:5) {"errorLabelSet":{},"reason":{"type":"ReplicaSetNoPrimary","servers":{"mongo:27017":{"address":"mongo:27017","type":"Unknown","hosts":[],"passives":[],"arbiters":[],"tags":{},"minWireVersion":0,"maxWireVersion":0,"roundTripTime":-1,"minRoundTripTime":0,"lastUpdateTime":252924748,"lastWriteDate":0,"error":{"errorLabelSet":{},"beforeHandshake":false},"topologyVersion":null,"setName":null,"setVersion":null,"electionId":null,"logicalSessionTimeoutMinutes":null,"maxMessageSizeBytes":null,"maxWriteBatchSize":null,"maxBsonObjectSize":null,"primary":null,"me":null,"$clusterTime":null,"iscryptd":false}},"stale":false,"compatible":true,"heartbeatFrequencyMS":10000,"localThresholdMS":15,"setName":"rs0","maxElectionId":null,"maxSetVersion":null,"commonWireVersion":0,"logicalSessionTimeoutMinutes":null},"cause":{"type":"ReplicaSetNoPrimary","servers":{"mongo:27017":{"address":"mongo:27017","type":"Unknown","hosts":[],"passives":[],"arbiters":[],"tags":{},"minWireVersion":0,"maxWireVersion":0,"roundTripTime":-1,"minRoundTripTime":0,"lastUpdateTime":252924748,"lastWriteDate":0,"error":{"errorLabelSet":{},"beforeHandshake":false},"topologyVersion":null,"setName":null,"setVersion":null,"electionId":null,"logicalSessionTimeoutMinutes":null,"maxMessageSizeBytes":null,"maxWriteBatchSize":null,"maxBsonObjectSize":null,"primary":null,"me":null,"$clusterTime":null,"iscryptd":false}},"stale":false,"compatible":true,"heartbeatFrequencyMS":10000,"localThresholdMS":15,"setName":"rs0","maxElectionId":null,"maxSetVersion":null,"commonWireVersion":0,"logicalSessionTimeoutMinutes":null}}
2026-07-20T07:13:17.736Z error: MongooseServerSelectionError: connect ECONNREFUSED 127.0.0.1:27018
    at _handleConnectionErrors (E:\mfolks_geotrix\Backend\node_modules\mongoose\lib\connection.js:1169:11)
    at NativeConnection.openUri (E:\mfolks_geotrix\Backend\node_modules\mongoose\lib\connection.js:1100:11)
    at async connectMongoDB (E:\mfolks_geotrix\Backend\src\database\mongodb\connection.ts:11:5)
    at async startServer (E:\mfolks_geotrix\Backend\server.ts:13:5) {"errorLabelSet":{},"reason":{"type":"ReplicaSetNoPrimary","servers":{"127.0.0.1:27018":{"address":"127.0.0.1:27018","type":"Unknown","hosts":[],"passives":[],"arbiters":[],"tags":{},"minWireVersion":0,"maxWireVersion":0,"roundTripTime":-1,"minRoundTripTime":0,"lastUpdateTime":253013047,"lastWriteDate":0,"error":{"errorLabelSet":{},"beforeHandshake":false},"topologyVersion":null,"setName":null,"setVersion":null,"electionId":null,"logicalSessionTimeoutMinutes":null,"maxMessageSizeBytes":null,"maxWriteBatchSize":null,"maxBsonObjectSize":null,"primary":null,"me":null,"$clusterTime":null,"iscryptd":false}},"stale":false,"compatible":true,"heartbeatFrequencyMS":10000,"localThresholdMS":15,"setName":"rs0","maxElectionId":null,"maxSetVersion":null,"commonWireVersion":0,"logicalSessionTimeoutMinutes":null},"cause":{"type":"ReplicaSetNoPrimary","servers":{"127.0.0.1:27018":{"address":"127.0.0.1:27018","type":"Unknown","hosts":[],"passives":[],"arbiters":[],"tags":{},"minWireVersion":0,"maxWireVersion":0,"roundTripTime":-1,"minRoundTripTime":0,"lastUpdateTime":253013047,"lastWriteDate":0,"error":{"errorLabelSet":{},"beforeHandshake":false},"topologyVersion":null,"setName":null,"setVersion":null,"electionId":null,"logicalSessionTimeoutMinutes":null,"maxMessageSizeBytes":null,"maxWriteBatchSize":null,"maxBsonObjectSize":null,"primary":null,"me":null,"$clusterTime":null,"iscryptd":false}},"stale":false,"compatible":true,"heartbeatFrequencyMS":10000,"localThresholdMS":15,"setName":"rs0","maxElectionId":null,"maxSetVersion":null,"commonWireVersion":0,"logicalSessionTimeoutMinutes":null}}
2026-07-20T07:14:44.151Z error: MongooseServerSelectionError: connect ECONNREFUSED 127.0.0.1:27018
    at _handleConnectionErrors (/app/node_modules/mongoose/lib/connection.js:1169:11)
    at NativeConnection.openUri (/app/node_modules/mongoose/lib/connection.js:1100:11)
    at async connectMongoDB (/app/src/database/mongodb/connection.ts:11:5)
    at async startServer (/app/server.ts:13:5) {"errorLabelSet":{},"reason":{"type":"ReplicaSetNoPrimary","servers":{"127.0.0.1:27018":{"address":"127.0.0.1:27018","type":"Unknown","hosts":[],"passives":[],"arbiters":[],"tags":{},"minWireVersion":0,"maxWireVersion":0,"roundTripTime":-1,"minRoundTripTime":0,"lastUpdateTime":48912558,"lastWriteDate":0,"error":{"errorLabelSet":{},"beforeHandshake":false},"topologyVersion":null,"setName":null,"setVersion":null,"electionId":null,"logicalSessionTimeoutMinutes":null,"maxMessageSizeBytes":null,"maxWriteBatchSize":null,"maxBsonObjectSize":null,"primary":null,"me":null,"$clusterTime":null,"iscryptd":false}},"stale":false,"compatible":true,"heartbeatFrequencyMS":10000,"localThresholdMS":15,"setName":"rs0","maxElectionId":null,"maxSetVersion":null,"commonWireVersion":0,"logicalSessionTimeoutMinutes":null},"cause":{"type":"ReplicaSetNoPrimary","servers":{"127.0.0.1:27018":{"address":"127.0.0.1:27018","type":"Unknown","hosts":[],"passives":[],"arbiters":[],"tags":{},"minWireVersion":0,"maxWireVersion":0,"roundTripTime":-1,"minRoundTripTime":0,"lastUpdateTime":48912558,"lastWriteDate":0,"error":{"errorLabelSet":{},"beforeHandshake":false},"topologyVersion":null,"setName":null,"setVersion":null,"electionId":null,"logicalSessionTimeoutMinutes":null,"maxMessageSizeBytes":null,"maxWriteBatchSize":null,"maxBsonObjectSize":null,"primary":null,"me":null,"$clusterTime":null,"iscryptd":false}},"stale":false,"compatible":true,"heartbeatFrequencyMS":10000,"localThresholdMS":15,"setName":"rs0","maxElectionId":null,"maxSetVersion":null,"commonWireVersion":0,"logicalSessionTimeoutMinutes":null}}
2026-07-20T07:15:42.559Z error: MongooseServerSelectionError: getaddrinfo ENOTFOUND edbd5335b5d6
    at _handleConnectionErrors (E:\mfolks_geotrix\Backend\node_modules\mongoose\lib\connection.js:1169:11)
    at NativeConnection.openUri (E:\mfolks_geotrix\Backend\node_modules\mongoose\lib\connection.js:1100:11)
    at async connectMongoDB (E:\mfolks_geotrix\Backend\src\database\mongodb\connection.ts:11:5)
    at async startServer (E:\mfolks_geotrix\Backend\server.ts:13:5) {"errorLabelSet":{},"reason":{"type":"ReplicaSetNoPrimary","servers":{"edbd5335b5d6:27017":{"address":"edbd5335b5d6:27017","type":"Unknown","hosts":[],"passives":[],"arbiters":[],"tags":{},"minWireVersion":0,"maxWireVersion":0,"roundTripTime":-1,"minRoundTripTime":0,"lastUpdateTime":253155548,"lastWriteDate":0,"error":{"errorLabelSet":{},"beforeHandshake":false},"topologyVersion":null,"setName":null,"setVersion":null,"electionId":null,"logicalSessionTimeoutMinutes":null,"maxMessageSizeBytes":null,"maxWriteBatchSize":null,"maxBsonObjectSize":null,"primary":null,"me":null,"$clusterTime":null,"iscryptd":false}},"stale":false,"compatible":true,"heartbeatFrequencyMS":10000,"localThresholdMS":15,"setName":"rs0","maxElectionId":{"$oid":"7fffffff0000000000000001"},"maxSetVersion":1,"commonWireVersion":0,"logicalSessionTimeoutMinutes":null},"cause":{"type":"ReplicaSetNoPrimary","servers":{"edbd5335b5d6:27017":{"address":"edbd5335b5d6:27017","type":"Unknown","hosts":[],"passives":[],"arbiters":[],"tags":{},"minWireVersion":0,"maxWireVersion":0,"roundTripTime":-1,"minRoundTripTime":0,"lastUpdateTime":253155548,"lastWriteDate":0,"error":{"errorLabelSet":{},"beforeHandshake":false},"topologyVersion":null,"setName":null,"setVersion":null,"electionId":null,"logicalSessionTimeoutMinutes":null,"maxMessageSizeBytes":null,"maxWriteBatchSize":null,"maxBsonObjectSize":null,"primary":null,"me":null,"$clusterTime":null,"iscryptd":false}},"stale":false,"compatible":true,"heartbeatFrequencyMS":10000,"localThresholdMS":15,"setName":"rs0","maxElectionId":{"$oid":"7fffffff0000000000000001"},"maxSetVersion":1,"commonWireVersion":0,"logicalSessionTimeoutMinutes":null}}
2026-07-20T07:19:07.742Z error: MongooseServerSelectionError: connect ECONNREFUSED 127.0.0.1:27017
    at _handleConnectionErrors (E:\mfolks_geotrix\Backend\node_modules\mongoose\lib\connection.js:1169:11)
    at NativeConnection.openUri (E:\mfolks_geotrix\Backend\node_modules\mongoose\lib\connection.js:1100:11)
    at async connectMongoDB (E:\mfolks_geotrix\Backend\src\database\mongodb\connection.ts:11:5)
    at async startServer (E:\mfolks_geotrix\Backend\server.ts:13:5) {"errorLabelSet":{},"reason":{"type":"ReplicaSetNoPrimary","servers":{"127.0.0.1:27017":{"address":"127.0.0.1:27017","type":"Unknown","hosts":[],"passives":[],"arbiters":[],"tags":{},"minWireVersion":0,"maxWireVersion":0,"roundTripTime":-1,"minRoundTripTime":0,"lastUpdateTime":253362827,"lastWriteDate":0,"error":{"errorLabelSet":{},"beforeHandshake":false},"topologyVersion":null,"setName":null,"setVersion":null,"electionId":null,"logicalSessionTimeoutMinutes":null,"maxMessageSizeBytes":null,"maxWriteBatchSize":null,"maxBsonObjectSize":null,"primary":null,"me":null,"$clusterTime":null,"iscryptd":false}},"stale":false,"compatible":true,"heartbeatFrequencyMS":10000,"localThresholdMS":15,"setName":"rs0","maxElectionId":null,"maxSetVersion":null,"commonWireVersion":0,"logicalSessionTimeoutMinutes":null},"cause":{"type":"ReplicaSetNoPrimary","servers":{"127.0.0.1:27017":{"address":"127.0.0.1:27017","type":"Unknown","hosts":[],"passives":[],"arbiters":[],"tags":{},"minWireVersion":0,"maxWireVersion":0,"roundTripTime":-1,"minRoundTripTime":0,"lastUpdateTime":253362827,"lastWriteDate":0,"error":{"errorLabelSet":{},"beforeHandshake":false},"topologyVersion":null,"setName":null,"setVersion":null,"electionId":null,"logicalSessionTimeoutMinutes":null,"maxMessageSizeBytes":null,"maxWriteBatchSize":null,"maxBsonObjectSize":null,"primary":null,"me":null,"$clusterTime":null,"iscryptd":false}},"stale":false,"compatible":true,"heartbeatFrequencyMS":10000,"localThresholdMS":15,"setName":"rs0","maxElectionId":null,"maxSetVersion":null,"commonWireVersion":0,"logicalSessionTimeoutMinutes":null}}
2026-07-20T07:22:00.237Z error: MongooseServerSelectionError: Server selection timed out after 30000 ms
    at _handleConnectionErrors (/app/node_modules/mongoose/lib/connection.js:1169:11)
    at NativeConnection.openUri (/app/node_modules/mongoose/lib/connection.js:1100:11)
    at async connectMongoDB (/app/src/database/mongodb/connection.ts:11:5)
    at async startServer (/app/server.ts:13:5) {"errorLabelSet":{},"reason":{"type":"ReplicaSetNoPrimary","servers":{"mongo:27017":{"address":"mongo:27017","type":"RSGhost","hosts":[],"passives":[],"arbiters":[],"tags":{},"minWireVersion":0,"maxWireVersion":21,"roundTripTime":7,"minRoundTripTime":3,"lastUpdateTime":49339612,"lastWriteDate":0,"error":null,"topologyVersion":{"processId":{"$oid":"6a5dcc662e6e4430c076b55e"},"counter":1},"setName":null,"setVersion":null,"electionId":null,"logicalSessionTimeoutMinutes":30,"maxMessageSizeBytes":48000000,"maxWriteBatchSize":100000,"maxBsonObjectSize":16777216,"primary":null,"me":null,"$clusterTime":null,"iscryptd":false}},"stale":false,"compatible":true,"heartbeatFrequencyMS":10000,"localThresholdMS":15,"setName":"rs0","maxElectionId":null,"maxSetVersion":null,"commonWireVersion":0,"logicalSessionTimeoutMinutes":null},"cause":{"type":"ReplicaSetNoPrimary","servers":{"mongo:27017":{"address":"mongo:27017","type":"RSGhost","hosts":[],"passives":[],"arbiters":[],"tags":{},"minWireVersion":0,"maxWireVersion":21,"roundTripTime":7,"minRoundTripTime":3,"lastUpdateTime":49339612,"lastWriteDate":0,"error":null,"topologyVersion":{"processId":{"$oid":"6a5dcc662e6e4430c076b55e"},"counter":1},"setName":null,"setVersion":null,"electionId":null,"logicalSessionTimeoutMinutes":30,"maxMessageSizeBytes":48000000,"maxWriteBatchSize":100000,"maxBsonObjectSize":16777216,"primary":null,"me":null,"$clusterTime":null,"iscryptd":false}},"stale":false,"compatible":true,"heartbeatFrequencyMS":10000,"localThresholdMS":15,"setName":"rs0","maxElectionId":null,"maxSetVersion":null,"commonWireVersion":0,"logicalSessionTimeoutMinutes":null}}
2026-07-20T07:22:09.907Z error: MongooseServerSelectionError: getaddrinfo ENOTFOUND mongo
    at _handleConnectionErrors (E:\mfolks_geotrix\Backend\node_modules\mongoose\lib\connection.js:1169:11)
    at NativeConnection.openUri (E:\mfolks_geotrix\Backend\node_modules\mongoose\lib\connection.js:1100:11)
    at async connectMongoDB (E:\mfolks_geotrix\Backend\src\database\mongodb\connection.ts:11:5)
    at async startServer (E:\mfolks_geotrix\Backend\server.ts:13:5) {"errorLabelSet":{},"reason":{"type":"ReplicaSetNoPrimary","servers":{"mongo:27017":{"address":"mongo:27017","type":"Unknown","hosts":[],"passives":[],"arbiters":[],"tags":{},"minWireVersion":0,"maxWireVersion":0,"roundTripTime":-1,"minRoundTripTime":0,"lastUpdateTime":253542779,"lastWriteDate":0,"error":{"errorLabelSet":{},"beforeHandshake":false},"topologyVersion":null,"setName":null,"setVersion":null,"electionId":null,"logicalSessionTimeoutMinutes":null,"maxMessageSizeBytes":null,"maxWriteBatchSize":null,"maxBsonObjectSize":null,"primary":null,"me":null,"$clusterTime":null,"iscryptd":false}},"stale":false,"compatible":true,"heartbeatFrequencyMS":10000,"localThresholdMS":15,"setName":"rs0","maxElectionId":null,"maxSetVersion":null,"commonWireVersion":0,"logicalSessionTimeoutMinutes":null},"cause":{"type":"ReplicaSetNoPrimary","servers":{"mongo:27017":{"address":"mongo:27017","type":"Unknown","hosts":[],"passives":[],"arbiters":[],"tags":{},"minWireVersion":0,"maxWireVersion":0,"roundTripTime":-1,"minRoundTripTime":0,"lastUpdateTime":253542779,"lastWriteDate":0,"error":{"errorLabelSet":{},"beforeHandshake":false},"topologyVersion":null,"setName":null,"setVersion":null,"electionId":null,"logicalSessionTimeoutMinutes":null,"maxMessageSizeBytes":null,"maxWriteBatchSize":null,"maxBsonObjectSize":null,"primary":null,"me":null,"$clusterTime":null,"iscryptd":false}},"stale":false,"compatible":true,"heartbeatFrequencyMS":10000,"localThresholdMS":15,"setName":"rs0","maxElectionId":null,"maxSetVersion":null,"commonWireVersion":0,"logicalSessionTimeoutMinutes":null}}
2026-07-20T07:30:49.117Z error: MongooseServerSelectionError: getaddrinfo ENOTFOUND mongo
    at _handleConnectionErrors (E:\mfolks_geotrix\Backend\node_modules\mongoose\lib\connection.js:1169:11)
    at NativeConnection.openUri (E:\mfolks_geotrix\Backend\node_modules\mongoose\lib\connection.js:1100:11)
    at async connectMongoDB (E:\mfolks_geotrix\Backend\src\database\mongodb\connection.ts:11:5)
    at async startServer (E:\mfolks_geotrix\Backend\server.ts:13:5) {"errorLabelSet":{},"reason":{"type":"ReplicaSetNoPrimary","servers":{"mongo:27017":{"address":"mongo:27017","type":"Unknown","hosts":[],"passives":[],"arbiters":[],"tags":{},"minWireVersion":0,"maxWireVersion":0,"roundTripTime":-1,"minRoundTripTime":0,"lastUpdateTime":254061944,"lastWriteDate":0,"error":{"errorLabelSet":{},"beforeHandshake":false},"topologyVersion":null,"setName":null,"setVersion":null,"electionId":null,"logicalSessionTimeoutMinutes":null,"maxMessageSizeBytes":null,"maxWriteBatchSize":null,"maxBsonObjectSize":null,"primary":null,"me":null,"$clusterTime":null,"iscryptd":false}},"stale":false,"compatible":true,"heartbeatFrequencyMS":10000,"localThresholdMS":15,"setName":"rs0","maxElectionId":null,"maxSetVersion":null,"commonWireVersion":0,"logicalSessionTimeoutMinutes":null},"cause":{"type":"ReplicaSetNoPrimary","servers":{"mongo:27017":{"address":"mongo:27017","type":"Unknown","hosts":[],"passives":[],"arbiters":[],"tags":{},"minWireVersion":0,"maxWireVersion":0,"roundTripTime":-1,"minRoundTripTime":0,"lastUpdateTime":254061944,"lastWriteDate":0,"error":{"errorLabelSet":{},"beforeHandshake":false},"topologyVersion":null,"setName":null,"setVersion":null,"electionId":null,"logicalSessionTimeoutMinutes":null,"maxMessageSizeBytes":null,"maxWriteBatchSize":null,"maxBsonObjectSize":null,"primary":null,"me":null,"$clusterTime":null,"iscryptd":false}},"stale":false,"compatible":true,"heartbeatFrequencyMS":10000,"localThresholdMS":15,"setName":"rs0","maxElectionId":null,"maxSetVersion":null,"commonWireVersion":0,"logicalSessionTimeoutMinutes":null}}
2026-07-20T07:31:50.558Z error: MongooseServerSelectionError: connect ECONNREFUSED 127.0.0.1:27017
    at _handleConnectionErrors (E:\mfolks_geotrix\Backend\node_modules\mongoose\lib\connection.js:1169:11)
    at NativeConnection.openUri (E:\mfolks_geotrix\Backend\node_modules\mongoose\lib\connection.js:1100:11)
    at async connectMongoDB (E:\mfolks_geotrix\Backend\src\database\mongodb\connection.ts:11:5)
    at async startServer (E:\mfolks_geotrix\Backend\server.ts:13:5) {"errorLabelSet":{},"reason":{"type":"ReplicaSetNoPrimary","servers":{"127.0.0.1:27017":{"address":"127.0.0.1:27017","type":"Unknown","hosts":[],"passives":[],"arbiters":[],"tags":{},"minWireVersion":0,"maxWireVersion":0,"roundTripTime":-1,"minRoundTripTime":0,"lastUpdateTime":254125364,"lastWriteDate":0,"error":{"errorLabelSet":{},"beforeHandshake":false},"topologyVersion":null,"setName":null,"setVersion":null,"electionId":null,"logicalSessionTimeoutMinutes":null,"maxMessageSizeBytes":null,"maxWriteBatchSize":null,"maxBsonObjectSize":null,"primary":null,"me":null,"$clusterTime":null,"iscryptd":false}},"stale":false,"compatible":true,"heartbeatFrequencyMS":10000,"localThresholdMS":15,"setName":"rs0","maxElectionId":null,"maxSetVersion":null,"commonWireVersion":0,"logicalSessionTimeoutMinutes":null},"cause":{"type":"ReplicaSetNoPrimary","servers":{"127.0.0.1:27017":{"address":"127.0.0.1:27017","type":"Unknown","hosts":[],"passives":[],"arbiters":[],"tags":{},"minWireVersion":0,"maxWireVersion":0,"roundTripTime":-1,"minRoundTripTime":0,"lastUpdateTime":254125364,"lastWriteDate":0,"error":{"errorLabelSet":{},"beforeHandshake":false},"topologyVersion":null,"setName":null,"setVersion":null,"electionId":null,"logicalSessionTimeoutMinutes":null,"maxMessageSizeBytes":null,"maxWriteBatchSize":null,"maxBsonObjectSize":null,"primary":null,"me":null,"$clusterTime":null,"iscryptd":false}},"stale":false,"compatible":true,"heartbeatFrequencyMS":10000,"localThresholdMS":15,"setName":"rs0","maxElectionId":null,"maxSetVersion":null,"commonWireVersion":0,"logicalSessionTimeoutMinutes":null}}
2026-07-20T07:38:48.319Z error: MongooseServerSelectionError: getaddrinfo ENOTFOUND mongo
    at _handleConnectionErrors (E:\mfolks_geotrix\Backend\node_modules\mongoose\lib\connection.js:1169:11)
    at NativeConnection.openUri (E:\mfolks_geotrix\Backend\node_modules\mongoose\lib\connection.js:1100:11)
    at async connectMongoDB (E:\mfolks_geotrix\Backend\src\database\mongodb\connection.ts:11:5)
    at async startServer (E:\mfolks_geotrix\Backend\server.ts:13:5) {"errorLabelSet":{},"reason":{"type":"ReplicaSetNoPrimary","servers":{"mongo:27017":{"address":"mongo:27017","type":"Unknown","hosts":[],"passives":[],"arbiters":[],"tags":{},"minWireVersion":0,"maxWireVersion":0,"roundTripTime":-1,"minRoundTripTime":0,"lastUpdateTime":254541165,"lastWriteDate":0,"error":{"errorLabelSet":{},"beforeHandshake":false},"topologyVersion":null,"setName":null,"setVersion":null,"electionId":null,"logicalSessionTimeoutMinutes":null,"maxMessageSizeBytes":null,"maxWriteBatchSize":null,"maxBsonObjectSize":null,"primary":null,"me":null,"$clusterTime":null,"iscryptd":false}},"stale":false,"compatible":true,"heartbeatFrequencyMS":10000,"localThresholdMS":15,"setName":"rs0","maxElectionId":null,"maxSetVersion":null,"commonWireVersion":0,"logicalSessionTimeoutMinutes":null},"cause":{"type":"ReplicaSetNoPrimary","servers":{"mongo:27017":{"address":"mongo:27017","type":"Unknown","hosts":[],"passives":[],"arbiters":[],"tags":{},"minWireVersion":0,"maxWireVersion":0,"roundTripTime":-1,"minRoundTripTime":0,"lastUpdateTime":254541165,"lastWriteDate":0,"error":{"errorLabelSet":{},"beforeHandshake":false},"topologyVersion":null,"setName":null,"setVersion":null,"electionId":null,"logicalSessionTimeoutMinutes":null,"maxMessageSizeBytes":null,"maxWriteBatchSize":null,"maxBsonObjectSize":null,"primary":null,"me":null,"$clusterTime":null,"iscryptd":false}},"stale":false,"compatible":true,"heartbeatFrequencyMS":10000,"localThresholdMS":15,"setName":"rs0","maxElectionId":null,"maxSetVersion":null,"commonWireVersion":0,"logicalSessionTimeoutMinutes":null}}
2026-07-20T08:45:33.070Z error: MongooseServerSelectionError: getaddrinfo ENOTFOUND mongo
    at _handleConnectionErrors (E:\mfolks_geotrix\Backend\node_modules\mongoose\lib\connection.js:1169:11)
    at NativeConnection.openUri (E:\mfolks_geotrix\Backend\node_modules\mongoose\lib\connection.js:1100:11)
    at async connectMongoDB (E:\mfolks_geotrix\Backend\src\database\mongodb\connection.ts:11:5)
    at async startServer (E:\mfolks_geotrix\Backend\server.ts:13:5) {"errorLabelSet":{},"reason":{"type":"ReplicaSetNoPrimary","servers":{"mongo:27017":{"address":"mongo:27017","type":"Unknown","hosts":[],"passives":[],"arbiters":[],"tags":{},"minWireVersion":0,"maxWireVersion":0,"roundTripTime":-1,"minRoundTripTime":0,"lastUpdateTime":258547520,"lastWriteDate":0,"error":{"errorLabelSet":{},"beforeHandshake":false},"topologyVersion":null,"setName":null,"setVersion":null,"electionId":null,"logicalSessionTimeoutMinutes":null,"maxMessageSizeBytes":null,"maxWriteBatchSize":null,"maxBsonObjectSize":null,"primary":null,"me":null,"$clusterTime":null,"iscryptd":false}},"stale":false,"compatible":true,"heartbeatFrequencyMS":10000,"localThresholdMS":15,"setName":"rs0","maxElectionId":{"$oid":"7fffffff0000000000000003"},"maxSetVersion":42000,"commonWireVersion":0,"logicalSessionTimeoutMinutes":null},"cause":{"type":"ReplicaSetNoPrimary","servers":{"mongo:27017":{"address":"mongo:27017","type":"Unknown","hosts":[],"passives":[],"arbiters":[],"tags":{},"minWireVersion":0,"maxWireVersion":0,"roundTripTime":-1,"minRoundTripTime":0,"lastUpdateTime":258547520,"lastWriteDate":0,"error":{"errorLabelSet":{},"beforeHandshake":false},"topologyVersion":null,"setName":null,"setVersion":null,"electionId":null,"logicalSessionTimeoutMinutes":null,"maxMessageSizeBytes":null,"maxWriteBatchSize":null,"maxBsonObjectSize":null,"primary":null,"me":null,"$clusterTime":null,"iscryptd":false}},"stale":false,"compatible":true,"heartbeatFrequencyMS":10000,"localThresholdMS":15,"setName":"rs0","maxElectionId":{"$oid":"7fffffff0000000000000003"},"maxSetVersion":42000,"commonWireVersion":0,"logicalSessionTimeoutMinutes":null}}
2026-07-20T08:48:52.052Z error: MongooseServerSelectionError: getaddrinfo ENOTFOUND mongo
    at _handleConnectionErrors (E:\mfolks_geotrix\Backend\node_modules\mongoose\lib\connection.js:1169:11)
    at NativeConnection.openUri (E:\mfolks_geotrix\Backend\node_modules\mongoose\lib\connection.js:1100:11)
    at async connectMongoDB (E:\mfolks_geotrix\Backend\src\database\mongodb\connection.ts:11:5)
    at async startServer (E:\mfolks_geotrix\Backend\server.ts:13:5) {"errorLabelSet":{},"reason":{"type":"ReplicaSetNoPrimary","servers":{"mongo:27017":{"address":"mongo:27017","type":"Unknown","hosts":[],"passives":[],"arbiters":[],"tags":{},"minWireVersion":0,"maxWireVersion":0,"roundTripTime":-1,"minRoundTripTime":0,"lastUpdateTime":258746496,"lastWriteDate":0,"error":{"errorLabelSet":{},"beforeHandshake":false},"topologyVersion":null,"setName":null,"setVersion":null,"electionId":null,"logicalSessionTimeoutMinutes":null,"maxMessageSizeBytes":null,"maxWriteBatchSize":null,"maxBsonObjectSize":null,"primary":null,"me":null,"$clusterTime":null,"iscryptd":false}},"stale":false,"compatible":true,"heartbeatFrequencyMS":10000,"localThresholdMS":15,"setName":"rs0","maxElectionId":{"$oid":"7fffffff0000000000000003"},"maxSetVersion":42000,"commonWireVersion":0,"logicalSessionTimeoutMinutes":null},"cause":{"type":"ReplicaSetNoPrimary","servers":{"mongo:27017":{"address":"mongo:27017","type":"Unknown","hosts":[],"passives":[],"arbiters":[],"tags":{},"minWireVersion":0,"maxWireVersion":0,"roundTripTime":-1,"minRoundTripTime":0,"lastUpdateTime":258746496,"lastWriteDate":0,"error":{"errorLabelSet":{},"beforeHandshake":false},"topologyVersion":null,"setName":null,"setVersion":null,"electionId":null,"logicalSessionTimeoutMinutes":null,"maxMessageSizeBytes":null,"maxWriteBatchSize":null,"maxBsonObjectSize":null,"primary":null,"me":null,"$clusterTime":null,"iscryptd":false}},"stale":false,"compatible":true,"heartbeatFrequencyMS":10000,"localThresholdMS":15,"setName":"rs0","maxElectionId":{"$oid":"7fffffff0000000000000003"},"maxSetVersion":42000,"commonWireVersion":0,"logicalSessionTimeoutMinutes":null}}
2026-07-20T08:50:42.797Z error: MongooseServerSelectionError: getaddrinfo ENOTFOUND mongo
    at _handleConnectionErrors (E:\mfolks_geotrix\Backend\node_modules\mongoose\lib\connection.js:1169:11)
    at NativeConnection.openUri (E:\mfolks_geotrix\Backend\node_modules\mongoose\lib\connection.js:1100:11)
    at async connectMongoDB (E:\mfolks_geotrix\Backend\src\database\mongodb\connection.ts:11:5)
    at async startServer (E:\mfolks_geotrix\Backend\server.ts:13:5) {"errorLabelSet":{},"reason":{"type":"ReplicaSetNoPrimary","servers":{"mongo:27017":{"address":"mongo:27017","type":"Unknown","hosts":[],"passives":[],"arbiters":[],"tags":{},"minWireVersion":0,"maxWireVersion":0,"roundTripTime":-1,"minRoundTripTime":0,"lastUpdateTime":258857194,"lastWriteDate":0,"error":{"errorLabelSet":{},"beforeHandshake":false},"topologyVersion":null,"setName":null,"setVersion":null,"electionId":null,"logicalSessionTimeoutMinutes":null,"maxMessageSizeBytes":null,"maxWriteBatchSize":null,"maxBsonObjectSize":null,"primary":null,"me":null,"$clusterTime":null,"iscryptd":false}},"stale":false,"compatible":true,"heartbeatFrequencyMS":10000,"localThresholdMS":15,"setName":"rs0","maxElectionId":{"$oid":"7fffffff0000000000000003"},"maxSetVersion":42000,"commonWireVersion":0,"logicalSessionTimeoutMinutes":null},"cause":{"type":"ReplicaSetNoPrimary","servers":{"mongo:27017":{"address":"mongo:27017","type":"Unknown","hosts":[],"passives":[],"arbiters":[],"tags":{},"minWireVersion":0,"maxWireVersion":0,"roundTripTime":-1,"minRoundTripTime":0,"lastUpdateTime":258857194,"lastWriteDate":0,"error":{"errorLabelSet":{},"beforeHandshake":false},"topologyVersion":null,"setName":null,"setVersion":null,"electionId":null,"logicalSessionTimeoutMinutes":null,"maxMessageSizeBytes":null,"maxWriteBatchSize":null,"maxBsonObjectSize":null,"primary":null,"me":null,"$clusterTime":null,"iscryptd":false}},"stale":false,"compatible":true,"heartbeatFrequencyMS":10000,"localThresholdMS":15,"setName":"rs0","maxElectionId":{"$oid":"7fffffff0000000000000003"},"maxSetVersion":42000,"commonWireVersion":0,"logicalSessionTimeoutMinutes":null}}
2026-07-20T08:51:41.554Z error: MongooseServerSelectionError: getaddrinfo ENOTFOUND mongo
    at _handleConnectionErrors (E:\mfolks_geotrix\Backend\node_modules\mongoose\lib\connection.js:1169:11)
    at NativeConnection.openUri (E:\mfolks_geotrix\Backend\node_modules\mongoose\lib\connection.js:1100:11)
    at async connectMongoDB (E:\mfolks_geotrix\Backend\src\database\mongodb\connection.ts:16:5)
    at async startServer (E:\mfolks_geotrix\Backend\server.ts:13:5) {"errorLabelSet":{},"reason":{"type":"ReplicaSetNoPrimary","servers":{"mongo:27017":{"address":"mongo:27017","type":"Unknown","hosts":[],"passives":[],"arbiters":[],"tags":{},"minWireVersion":0,"maxWireVersion":0,"roundTripTime":-1,"minRoundTripTime":0,"lastUpdateTime":258915961,"lastWriteDate":0,"error":{"errorLabelSet":{},"beforeHandshake":false},"topologyVersion":null,"setName":null,"setVersion":null,"electionId":null,"logicalSessionTimeoutMinutes":null,"maxMessageSizeBytes":null,"maxWriteBatchSize":null,"maxBsonObjectSize":null,"primary":null,"me":null,"$clusterTime":null,"iscryptd":false}},"stale":false,"compatible":true,"heartbeatFrequencyMS":10000,"localThresholdMS":15,"setName":"rs0","maxElectionId":{"$oid":"7fffffff0000000000000003"},"maxSetVersion":42000,"commonWireVersion":0,"logicalSessionTimeoutMinutes":null},"cause":{"type":"ReplicaSetNoPrimary","servers":{"mongo:27017":{"address":"mongo:27017","type":"Unknown","hosts":[],"passives":[],"arbiters":[],"tags":{},"minWireVersion":0,"maxWireVersion":0,"roundTripTime":-1,"minRoundTripTime":0,"lastUpdateTime":258915961,"lastWriteDate":0,"error":{"errorLabelSet":{},"beforeHandshake":false},"topologyVersion":null,"setName":null,"setVersion":null,"electionId":null,"logicalSessionTimeoutMinutes":null,"maxMessageSizeBytes":null,"maxWriteBatchSize":null,"maxBsonObjectSize":null,"primary":null,"me":null,"$clusterTime":null,"iscryptd":false}},"stale":false,"compatible":true,"heartbeatFrequencyMS":10000,"localThresholdMS":15,"setName":"rs0","maxElectionId":{"$oid":"7fffffff0000000000000003"},"maxSetVersion":42000,"commonWireVersion":0,"logicalSessionTimeoutMinutes":null}}
2026-07-20T09:07:22.127Z error: MongooseServerSelectionError: Server selection timed out after 5000 ms
    at _handleConnectionErrors (E:\mfolks_geotrix\Backend\node_modules\mongoose\lib\connection.js:1169:11)
    at NativeConnection.openUri (E:\mfolks_geotrix\Backend\node_modules\mongoose\lib\connection.js:1100:11)
    at async connectMongoDB (E:\mfolks_geotrix\Backend\src\database\mongodb\connection.ts:18:5)
    at async startServer (E:\mfolks_geotrix\Backend\server.ts:13:5) {"errorLabelSet":{},"reason":{"type":"ReplicaSetNoPrimary","servers":{"mongo:27017":{"address":"mongo:27017","type":"Unknown","hosts":[],"passives":[],"arbiters":[],"tags":{},"minWireVersion":0,"maxWireVersion":0,"roundTripTime":-1,"minRoundTripTime":0,"lastUpdateTime":259852664,"lastWriteDate":0,"error":null,"topologyVersion":null,"setName":null,"setVersion":null,"electionId":null,"logicalSessionTimeoutMinutes":null,"maxMessageSizeBytes":null,"maxWriteBatchSize":null,"maxBsonObjectSize":null,"primary":null,"me":null,"$clusterTime":null,"iscryptd":false}},"stale":false,"compatible":true,"heartbeatFrequencyMS":10000,"localThresholdMS":15,"setName":"rs0","maxElectionId":{"$oid":"7fffffff0000000000000003"},"maxSetVersion":42000,"commonWireVersion":0,"logicalSessionTimeoutMinutes":null},"cause":{"type":"ReplicaSetNoPrimary","servers":{"mongo:27017":{"address":"mongo:27017","type":"Unknown","hosts":[],"passives":[],"arbiters":[],"tags":{},"minWireVersion":0,"maxWireVersion":0,"roundTripTime":-1,"minRoundTripTime":0,"lastUpdateTime":259852664,"lastWriteDate":0,"error":null,"topologyVersion":null,"setName":null,"setVersion":null,"electionId":null,"logicalSessionTimeoutMinutes":null,"maxMessageSizeBytes":null,"maxWriteBatchSize":null,"maxBsonObjectSize":null,"primary":null,"me":null,"$clusterTime":null,"iscryptd":false}},"stale":false,"compatible":true,"heartbeatFrequencyMS":10000,"localThresholdMS":15,"setName":"rs0","maxElectionId":{"$oid":"7fffffff0000000000000003"},"maxSetVersion":42000,"commonWireVersion":0,"logicalSessionTimeoutMinutes":null}}
2026-07-20T09:11:17.487Z error: MongooseServerSelectionError: Server selection timed out after 5000 ms
    at _handleConnectionErrors (E:\mfolks_geotrix\Backend\node_modules\mongoose\lib\connection.js:1169:11)
    at NativeConnection.openUri (E:\mfolks_geotrix\Backend\node_modules\mongoose\lib\connection.js:1100:11)
    at async connectMongoDB (E:\mfolks_geotrix\Backend\src\database\mongodb\connection.ts:18:5)
    at async startServer (E:\mfolks_geotrix\Backend\server.ts:13:5) {"errorLabelSet":{},"reason":{"type":"ReplicaSetNoPrimary","servers":{"mongo:27017":{"address":"mongo:27017","type":"Unknown","hosts":[],"passives":[],"arbiters":[],"tags":{},"minWireVersion":0,"maxWireVersion":0,"roundTripTime":-1,"minRoundTripTime":0,"lastUpdateTime":260087964,"lastWriteDate":0,"error":null,"topologyVersion":null,"setName":null,"setVersion":null,"electionId":null,"logicalSessionTimeoutMinutes":null,"maxMessageSizeBytes":null,"maxWriteBatchSize":null,"maxBsonObjectSize":null,"primary":null,"me":null,"$clusterTime":null,"iscryptd":false}},"stale":false,"compatible":true,"heartbeatFrequencyMS":10000,"localThresholdMS":15,"setName":"rs0","maxElectionId":{"$oid":"7fffffff0000000000000003"},"maxSetVersion":42000,"commonWireVersion":0,"logicalSessionTimeoutMinutes":null},"cause":{"type":"ReplicaSetNoPrimary","servers":{"mongo:27017":{"address":"mongo:27017","type":"Unknown","hosts":[],"passives":[],"arbiters":[],"tags":{},"minWireVersion":0,"maxWireVersion":0,"roundTripTime":-1,"minRoundTripTime":0,"lastUpdateTime":260087964,"lastWriteDate":0,"error":null,"topologyVersion":null,"setName":null,"setVersion":null,"electionId":null,"logicalSessionTimeoutMinutes":null,"maxMessageSizeBytes":null,"maxWriteBatchSize":null,"maxBsonObjectSize":null,"primary":null,"me":null,"$clusterTime":null,"iscryptd":false}},"stale":false,"compatible":true,"heartbeatFrequencyMS":10000,"localThresholdMS":15,"setName":"rs0","maxElectionId":{"$oid":"7fffffff0000000000000003"},"maxSetVersion":42000,"commonWireVersion":0,"logicalSessionTimeoutMinutes":null}}
2026-07-20T09:58:34.699Z error: MongooseServerSelectionError: connect ECONNREFUSED 127.0.0.1:27018
    at _handleConnectionErrors (/app/node_modules/mongoose/lib/connection.js:1169:11)
    at NativeConnection.openUri (/app/node_modules/mongoose/lib/connection.js:1100:11)
    at async connectMongoDB (/app/src/database/mongodb/connection.ts:18:5)
    at async startServer (/app/server.ts:13:5) {"errorLabelSet":{},"reason":{"type":"Single","servers":{"127.0.0.1:27018":{"address":"127.0.0.1:27018","type":"Unknown","hosts":[],"passives":[],"arbiters":[],"tags":{},"minWireVersion":0,"maxWireVersion":0,"roundTripTime":-1,"minRoundTripTime":0,"lastUpdateTime":56617714,"lastWriteDate":0,"error":{"errorLabelSet":{},"beforeHandshake":false},"topologyVersion":null,"setName":null,"setVersion":null,"electionId":null,"logicalSessionTimeoutMinutes":null,"maxMessageSizeBytes":null,"maxWriteBatchSize":null,"maxBsonObjectSize":null,"primary":null,"me":null,"$clusterTime":null,"iscryptd":false}},"stale":false,"compatible":true,"heartbeatFrequencyMS":10000,"localThresholdMS":15,"setName":null,"maxElectionId":null,"maxSetVersion":null,"commonWireVersion":0,"logicalSessionTimeoutMinutes":null},"cause":{"type":"Single","servers":{"127.0.0.1:27018":{"address":"127.0.0.1:27018","type":"Unknown","hosts":[],"passives":[],"arbiters":[],"tags":{},"minWireVersion":0,"maxWireVersion":0,"roundTripTime":-1,"minRoundTripTime":0,"lastUpdateTime":56617714,"lastWriteDate":0,"error":{"errorLabelSet":{},"beforeHandshake":false},"topologyVersion":null,"setName":null,"setVersion":null,"electionId":null,"logicalSessionTimeoutMinutes":null,"maxMessageSizeBytes":null,"maxWriteBatchSize":null,"maxBsonObjectSize":null,"primary":null,"me":null,"$clusterTime":null,"iscryptd":false}},"stale":false,"compatible":true,"heartbeatFrequencyMS":10000,"localThresholdMS":15,"setName":null,"maxElectionId":null,"maxSetVersion":null,"commonWireVersion":0,"logicalSessionTimeoutMinutes":null}}
2026-07-20T10:53:22.528Z error: Error: listen EADDRINUSE: address already in use :::6000
    at Server.setupListenHandle [as _listen2] (node:net:1940:16)
    at listenInCluster (node:net:1997:12)
    at Server.listen (node:net:2102:7)
    at Function.listen (E:\mfolks_geotrix\Backend\node_modules\express\lib\application.js:635:24)
    at startServer (E:\mfolks_geotrix\Backend\server.ts:15:18)
    at processTicksAndRejections (node:internal/process/task_queues:103:5) {"code":"EADDRINUSE","errno":-4091,"syscall":"listen","address":"::","port":6000}
2026-07-20T11:27:10.369Z error: Error: listen EADDRINUSE: address already in use :::6000
    at Server.setupListenHandle [as _listen2] (node:net:1940:16)
    at listenInCluster (node:net:1997:12)
    at Server.listen (node:net:2102:7)
    at Function.listen (E:\mfolks_geotrix\Backend\node_modules\express\lib\application.js:635:24)
    at startServer (E:\mfolks_geotrix\Backend\server.ts:15:18)
    at processTicksAndRejections (node:internal/process/task_queues:103:5) {"code":"EADDRINUSE","errno":-4091,"syscall":"listen","address":"::","port":6000}
2026-07-20T11:34:16.528Z error: Error: listen EADDRINUSE: address already in use :::6000
    at Server.setupListenHandle [as _listen2] (node:net:1940:16)
    at listenInCluster (node:net:1997:12)
    at Server.listen (node:net:2102:7)
    at Function.listen (E:\mfolks_geotrix\Backend\node_modules\express\lib\application.js:635:24)
    at startServer (E:\mfolks_geotrix\Backend\server.ts:15:18)
    at processTicksAndRejections (node:internal/process/task_queues:103:5) {"code":"EADDRINUSE","errno":-4091,"syscall":"listen","address":"::","port":6000}
2026-07-20T12:14:00.184Z error: Error: listen EADDRINUSE: address already in use :::6000
    at Server.setupListenHandle [as _listen2] (node:net:1940:16)
    at listenInCluster (node:net:1997:12)
    at Server.listen (node:net:2102:7)
    at Function.listen (E:\mfolks_geotrix\Backend\node_modules\express\lib\application.js:635:24)
    at startServer (E:\mfolks_geotrix\Backend\server.ts:15:18)
    at processTicksAndRejections (node:internal/process/task_queues:103:5) {"code":"EADDRINUSE","errno":-4091,"syscall":"listen","address":"::","port":6000}
2026-07-20T12:16:37.384Z error: Error: listen EADDRINUSE: address already in use :::6000
    at Server.setupListenHandle [as _listen2] (node:net:1940:16)
    at listenInCluster (node:net:1997:12)
    at Server.listen (node:net:2102:7)
    at Function.listen (E:\mfolks_geotrix\Backend\node_modules\express\lib\application.js:635:24)
    at startServer (E:\mfolks_geotrix\Backend\server.ts:15:18)
    at processTicksAndRejections (node:internal/process/task_queues:103:5) {"code":"EADDRINUSE","errno":-4091,"syscall":"listen","address":"::","port":6000}
2026-07-21T06:42:35.515Z error: Error: listen EADDRINUSE: address already in use :::6000
    at Server.setupListenHandle [as _listen2] (node:net:1940:16)
    at listenInCluster (node:net:1997:12)
    at Server.listen (node:net:2102:7)
    at Function.listen (E:\mfolks_geotrix\Backend\node_modules\express\lib\application.js:635:24)
    at startServer (E:\mfolks_geotrix\Backend\server.ts:15:18)
    at processTicksAndRejections (node:internal/process/task_queues:103:5) {"code":"EADDRINUSE","errno":-4091,"syscall":"listen","address":"::","port":6000}
2026-07-21T06:43:29.223Z error: Error: listen EADDRINUSE: address already in use :::6000
    at Server.setupListenHandle [as _listen2] (node:net:1940:16)
    at listenInCluster (node:net:1997:12)
    at Server.listen (node:net:2102:7)
    at Function.listen (E:\mfolks_geotrix\Backend\node_modules\express\lib\application.js:635:24)
    at startServer (E:\mfolks_geotrix\Backend\server.ts:15:18)
    at processTicksAndRejections (node:internal/process/task_queues:103:5) {"code":"EADDRINUSE","errno":-4091,"syscall":"listen","address":"::","port":6000}
2026-07-21T07:02:13.538Z error: Error: listen EADDRINUSE: address already in use :::6000
    at Server.setupListenHandle [as _listen2] (node:net:1940:16)
    at listenInCluster (node:net:1997:12)
    at Server.listen (node:net:2102:7)
    at Function.listen (E:\mfolks_geotrix\Backend\node_modules\express\lib\application.js:635:24)
    at startServer (E:\mfolks_geotrix\Backend\server.ts:15:18)
    at processTicksAndRejections (node:internal/process/task_queues:103:5) {"code":"EADDRINUSE","errno":-4091,"syscall":"listen","address":"::","port":6000}
2026-07-21T07:10:25.430Z error: Error: listen EADDRINUSE: address already in use :::6000
    at Server.setupListenHandle [as _listen2] (node:net:1940:16)
    at listenInCluster (node:net:1997:12)
    at Server.listen (node:net:2102:7)
    at Function.listen (E:\mfolks_geotrix\Backend\node_modules\express\lib\application.js:635:24)
    at startServer (E:\mfolks_geotrix\Backend\server.ts:15:18)
    at processTicksAndRejections (node:internal/process/task_queues:103:5) {"code":"EADDRINUSE","errno":-4091,"syscall":"listen","address":"::","port":6000}
2026-07-21T07:49:40.102Z error: Error: listen EADDRINUSE: address already in use :::6000
    at Server.setupListenHandle [as _listen2] (node:net:1940:16)
    at listenInCluster (node:net:1997:12)
    at Server.listen (node:net:2102:7)
    at Function.listen (E:\mfolks_geotrix\Backend\node_modules\express\lib\application.js:635:24)
    at startServer (E:\mfolks_geotrix\Backend\server.ts:15:18)
    at processTicksAndRejections (node:internal/process/task_queues:103:5) {"code":"EADDRINUSE","errno":-4091,"syscall":"listen","address":"::","port":6000}
2026-07-21T07:51:52.200Z error: Error: listen EADDRINUSE: address already in use :::6000
    at Server.setupListenHandle [as _listen2] (node:net:1940:16)
    at listenInCluster (node:net:1997:12)
    at Server.listen (node:net:2102:7)
    at Function.listen (E:\mfolks_geotrix\Backend\node_modules\express\lib\application.js:635:24)
    at startServer (E:\mfolks_geotrix\Backend\server.ts:15:18)
    at processTicksAndRejections (node:internal/process/task_queues:103:5) {"code":"EADDRINUSE","errno":-4091,"syscall":"listen","address":"::","port":6000}
2026-07-21T09:36:36.361Z error: Error: listen EADDRINUSE: address already in use :::6000
    at Server.setupListenHandle [as _listen2] (node:net:1940:16)
    at listenInCluster (node:net:1997:12)
    at Server.listen (node:net:2102:7)
    at Function.listen (E:\mfolks_geotrix\Backend\node_modules\express\lib\application.js:635:24)
    at startServer (E:\mfolks_geotrix\Backend\server.ts:15:18)
    at processTicksAndRejections (node:internal/process/task_queues:103:5) {"code":"EADDRINUSE","errno":-4091,"syscall":"listen","address":"::","port":6000}
2026-07-21T09:57:04.951Z error: Error: listen EADDRINUSE: address already in use :::6000
    at Server.setupListenHandle [as _listen2] (node:net:1940:16)
    at listenInCluster (node:net:1997:12)
    at Server.listen (node:net:2102:7)
    at Function.listen (E:\mfolks_geotrix\Backend\node_modules\express\lib\application.js:635:24)
    at startServer (E:\mfolks_geotrix\Backend\server.ts:15:18)
    at processTicksAndRejections (node:internal/process/task_queues:103:5) {"code":"EADDRINUSE","errno":-4091,"syscall":"listen","address":"::","port":6000}
2026-07-21T10:04:40.696Z error: Error: listen EADDRINUSE: address already in use :::6000
    at Server.setupListenHandle [as _listen2] (node:net:1940:16)
    at listenInCluster (node:net:1997:12)
    at Server.listen (node:net:2102:7)
    at Function.listen (E:\mfolks_geotrix\Backend\node_modules\express\lib\application.js:635:24)
    at startServer (E:\mfolks_geotrix\Backend\server.ts:15:18)
    at processTicksAndRejections (node:internal/process/task_queues:103:5) {"code":"EADDRINUSE","errno":-4091,"syscall":"listen","address":"::","port":6000}
2026-07-21T10:28:48.809Z error: Error: listen EADDRINUSE: address already in use :::6000
    at Server.setupListenHandle [as _listen2] (node:net:1940:16)
    at listenInCluster (node:net:1997:12)
    at Server.listen (node:net:2102:7)
    at Function.listen (E:\mfolks_geotrix\Backend\node_modules\express\lib\application.js:635:24)
    at startServer (E:\mfolks_geotrix\Backend\server.ts:15:18)
    at processTicksAndRejections (node:internal/process/task_queues:103:5) {"code":"EADDRINUSE","errno":-4091,"syscall":"listen","address":"::","port":6000}
2026-07-27T12:06:18.330Z error: MongooseServerSelectionError: connect ECONNREFUSED 127.0.0.1:27018
    at _handleConnectionErrors (E:\mfolks_geotrix\Backend\node_modules\mongoose\lib\connection.js:1169:11)
    at NativeConnection.openUri (E:\mfolks_geotrix\Backend\node_modules\mongoose\lib\connection.js:1100:11)
    at async connectMongoDB (E:\mfolks_geotrix\Backend\src\database\mongodb\connection.ts:18:5)
    at async startServer (E:\mfolks_geotrix\Backend\server.ts:13:5) {"errorLabelSet":{},"reason":{"type":"Single","servers":{"127.0.0.1:27018":{"address":"127.0.0.1:27018","type":"Unknown","hosts":[],"passives":[],"arbiters":[],"tags":{},"minWireVersion":0,"maxWireVersion":0,"roundTripTime":-1,"minRoundTripTime":0,"lastUpdateTime":875417306,"lastWriteDate":0,"error":{"errorLabelSet":{},"beforeHandshake":false},"topologyVersion":null,"setName":null,"setVersion":null,"electionId":null,"logicalSessionTimeoutMinutes":null,"maxMessageSizeBytes":null,"maxWriteBatchSize":null,"maxBsonObjectSize":null,"primary":null,"me":null,"$clusterTime":null,"iscryptd":false}},"stale":false,"compatible":true,"heartbeatFrequencyMS":10000,"localThresholdMS":15,"setName":null,"maxElectionId":null,"maxSetVersion":null,"commonWireVersion":0,"logicalSessionTimeoutMinutes":null},"cause":{"type":"Single","servers":{"127.0.0.1:27018":{"address":"127.0.0.1:27018","type":"Unknown","hosts":[],"passives":[],"arbiters":[],"tags":{},"minWireVersion":0,"maxWireVersion":0,"roundTripTime":-1,"minRoundTripTime":0,"lastUpdateTime":875417306,"lastWriteDate":0,"error":{"errorLabelSet":{},"beforeHandshake":false},"topologyVersion":null,"setName":null,"setVersion":null,"electionId":null,"logicalSessionTimeoutMinutes":null,"maxMessageSizeBytes":null,"maxWriteBatchSize":null,"maxBsonObjectSize":null,"primary":null,"me":null,"$clusterTime":null,"iscryptd":false}},"stale":false,"compatible":true,"heartbeatFrequencyMS":10000,"localThresholdMS":15,"setName":null,"maxElectionId":null,"maxSetVersion":null,"commonWireVersion":0,"logicalSessionTimeoutMinutes":null}}
2026-07-27T12:07:37.030Z error: MongooseServerSelectionError: connect ECONNREFUSED 127.0.0.1:27018
    at _handleConnectionErrors (/app/node_modules/mongoose/lib/connection.js:1169:11)
    at NativeConnection.openUri (/app/node_modules/mongoose/lib/connection.js:1100:11)
    at async connectMongoDB (/app/src/database/mongodb/connection.ts:18:5)
    at async startServer (/app/server.ts:13:5) {"errorLabelSet":{},"reason":{"type":"Single","servers":{"127.0.0.1:27018":{"address":"127.0.0.1:27018","type":"Unknown","hosts":[],"passives":[],"arbiters":[],"tags":{},"minWireVersion":0,"maxWireVersion":0,"roundTripTime":-1,"minRoundTripTime":0,"lastUpdateTime":53070,"lastWriteDate":0,"error":{"errorLabelSet":{},"beforeHandshake":false},"topologyVersion":null,"setName":null,"setVersion":null,"electionId":null,"logicalSessionTimeoutMinutes":null,"maxMessageSizeBytes":null,"maxWriteBatchSize":null,"maxBsonObjectSize":null,"primary":null,"me":null,"$clusterTime":null,"iscryptd":false}},"stale":false,"compatible":true,"heartbeatFrequencyMS":10000,"localThresholdMS":15,"setName":null,"maxElectionId":null,"maxSetVersion":null,"commonWireVersion":0,"logicalSessionTimeoutMinutes":null},"cause":{"type":"Single","servers":{"127.0.0.1:27018":{"address":"127.0.0.1:27018","type":"Unknown","hosts":[],"passives":[],"arbiters":[],"tags":{},"minWireVersion":0,"maxWireVersion":0,"roundTripTime":-1,"minRoundTripTime":0,"lastUpdateTime":53070,"lastWriteDate":0,"error":{"errorLabelSet":{},"beforeHandshake":false},"topologyVersion":null,"setName":null,"setVersion":null,"electionId":null,"logicalSessionTimeoutMinutes":null,"maxMessageSizeBytes":null,"maxWriteBatchSize":null,"maxBsonObjectSize":null,"primary":null,"me":null,"$clusterTime":null,"iscryptd":false}},"stale":false,"compatible":true,"heartbeatFrequencyMS":10000,"localThresholdMS":15,"setName":null,"maxElectionId":null,"maxSetVersion":null,"commonWireVersion":0,"logicalSessionTimeoutMinutes":null}}
2026-07-29T05:37:18.330Z error: Error: listen EADDRINUSE: address already in use :::6001
    at Server.setupListenHandle [as _listen2] (node:net:1940:16)
    at listenInCluster (node:net:1997:12)
    at Server.listen (node:net:2102:7)
    at Function.listen (E:\mfolks_geotrix\Backend\node_modules\express\lib\application.js:635:24)
    at startServer (E:\mfolks_geotrix\Backend\server.ts:15:18)
    at processTicksAndRejections (node:internal/process/task_queues:103:5) {"code":"EADDRINUSE","errno":-4091,"syscall":"listen","address":"::","port":6001}
2026-07-29T05:39:38.105Z error: Error: listen EADDRINUSE: address already in use :::6001
    at Server.setupListenHandle [as _listen2] (node:net:1940:16)
    at listenInCluster (node:net:1997:12)
    at Server.listen (node:net:2102:7)
    at Function.listen (E:\mfolks_geotrix\Backend\node_modules\express\lib\application.js:635:24)
    at startServer (E:\mfolks_geotrix\Backend\server.ts:15:18)
    at processTicksAndRejections (node:internal/process/task_queues:103:5) {"code":"EADDRINUSE","errno":-4091,"syscall":"listen","address":"::","port":6001}
2026-08-03T07:51:58.156Z error: Error: listen EADDRINUSE: address already in use :::6001
    at Server.setupListenHandle [as _listen2] (node:net:1940:16)
    at listenInCluster (node:net:1997:12)
    at Server.listen (node:net:2102:7)
    at Function.listen (E:\mfolks_geotrix\Backend\node_modules\express\lib\application.js:635:24)
    at startServer (E:\mfolks_geotrix\Backend\server.ts:15:18)
    at processTicksAndRejections (node:internal/process/task_queues:103:5) {"code":"EADDRINUSE","errno":-4091,"syscall":"listen","address":"::","port":6001}
